ticker,name,sector,weight_pct,method
UMBF,UMB FINANCIAL,Financials,0.34295,book
FROG,JFROG,Information Technology,0.34225,fcff
MOGA,MOOG INC CLASS A,Industrials,0.34076,fcff
GKOS,GLAUKOS,Health Care,0.3286,fcff
EAT,BRINKER INTERNATIONAL INC,Consumer Discretionary,0.31702,fcff
BTSG,BRIGHTSPRING HEALTH SERVICES INC,Health Care,0.30684,fcff
CYTK,CYTOKINETICS,Health Care,0.30183,fcff
ONB,OLD NATIONAL BANCORP,Financials,0.29124,book
KRYS,KRYSTAL BIOTECH,Health Care,0.29053,fcff
FCFS,FIRSTCASH HOLDINGS INC,Financials,0.28863,book
TWST,TWIST BIOSCIENCE,Health Care,0.28799,fcff
SM,SM ENERGY,Energy,0.28368,fcff
PTGX,PROTAGONIST THERAPEUTICS,Health Care,0.28151,fcff
CTRE,CARETRUST REIT,Real Estate,0.28137,none
CRNX,CRINETICS PHARMACEUTICALS,Health Care,0.27842,fcff
IDCC,INTERDIGITAL INC,Information Technology,0.27779,fcff
PRAX,PRAXIS PRECISION MEDICINES,Health Care,0.27603,fcff
RHP,RYMAN HOSPITALITY PROPERTIES REIT,Real Estate,0.27456,none
VSAT,VIASAT INC,Information Technology,0.27147,fcff
SSRM,SSR MINING,Materials,0.26237,fcff
HUT,HUT CORP,Information Technology,0.26074,fcff
HQY,HEALTHEQUITY,Health Care,0.26036,fcff
JXN,JACKSON FINANCIAL CLASS A,Financials,0.25974,book
ALKS,ALKERMES,Health Care,0.25177,fcff
PCVX,VAXCYTE,Health Care,0.25107,fcff
COMP,COMPASS INC CLASS A,Real Estate,0.25059,none
TGTX,TG THERAPEUTICS,Health Care,0.24865,fcff
CMC,COMMERCIAL METALS,Materials,0.24343,fcff
FLR,FLUOR CORP,Industrials,0.24278,fcff
SNEX,STONEX GROUP INC,Financials,0.2389,book
KYMR,KYMERA THERAPEUTICS,Health Care,0.23436,fcff
TXG,10X GENOMICS CLASS A,Health Care,0.23407,fcff
OSCR,OSCAR HEALTH CLASS A,Financials,0.2338,book
TEX,TEREX,Industrials,0.23239,fcff
ESE,ESCO TECHNOLOGIES,Industrials,0.23223,fcff
SLAB,SILICON LABORATORIES,Information Technology,0.23004,fcff
ZWS,ZURN ELKAY WATER SOLUTIONS CORP,Industrials,0.22921,fcff
ACA,ARCOSA,Industrials,0.22818,fcff
FSS,FEDERAL SIGNAL CORP,Industrials,0.22777,fcff
TRNO,TERRENO REALTY REIT,Real Estate,0.22702,none
PBF,PBF ENERGY CLASS A,Energy,0.22366,fcff
ZETA,ZETA GLOBAL HOLDINGS CLASS A,Information Technology,0.22005,fcff
VLY,VALLEY NATIONAL,Financials,0.21971,book
ENS,ENERSYS,Industrials,0.21964,fcff
MATX,MATSON INC,Industrials,0.21758,fcff
QLYS,QUALYS,Information Technology,0.21574,fcff
RIOT,RIOT PLATFORMS,Information Technology,0.21538,fcff
EPRT,ESSENTIAL PROPERTIES REALTY TRUST,Real Estate,0.21356,none
SYRE,SPYRE THERAPEUTICS INC,Health Care,0.21333,fcff
MAC,MACERICH REIT,Real Estate,0.21331,none
SWX,SOUTHWEST GAS HOLDINGS,Utilities,0.21024,fcff
ANF,ABERCROMBIE AND FITCH CLASS A,Consumer Discretionary,0.21009,fcff
LNTH,LANTHEUS HOLDINGS,Health Care,0.20856,fcff
UBSI,UNITED BANKSHARES,Financials,0.2074,book
PLXS,PLEXUS CORP,Information Technology,0.20711,fcff
ORA,ORMAT TECH INC,Utilities,0.20511,fcff
NPO,ENPRO,Industrials,0.20434,fcff
SRRK,SCHOLAR ROCK HOLDING,Health Care,0.20432,fcff
LTH,LIFE TIME GROUP HOLDINGS,Consumer Discretionary,0.20224,fcff
HWC,HANCOCK WHITNEY,Financials,0.20193,book
GATX,GATX,Industrials,0.2013,fcff
ESNT,ESSENT GROUP,Financials,0.20031,book
GBCI,GLACIER BANCORP INC,Financials,0.19964,book
QBTS,D WAVE QUANTUM,Information Technology,0.19899,fcff
JBTM,JBT MAREL,Industrials,0.19835,fcff
HIMS,HIMS HERS HEALTH CLASS A,Health Care,0.19717,fcff
VSXY,VICTORIA S SECRET,Consumer Discretionary,0.19683,fcff
TTAN,SERVICETITAN CLASS A,Information Technology,0.19491,fcff
UEC,URANIUM ENERGY,Energy,0.19405,fcff
MGY,MAGNOLIA OIL GAS CORP CLASS A,Energy,0.1938,fcff
CVLT,COMMVAULT SYSTEMS,Information Technology,0.19365,fcff
VSEC,VSE CORP,Industrials,0.19342,fcff
APGE,APOGEE THERAPEUTICS,Health Care,0.193,fcff
TXNM,TXNM ENERGY INC,Utilities,0.18983,fcff
POR,PORTLAND GENERAL ELECTRIC,Utilities,0.18946,fcff
CWST,CASELLA WASTE SYSTEMS CLASS A,Industrials,0.18896,fcff
FTDR,FRONTDOOR INC,Consumer Discretionary,0.1883,fcff
NE,NOBLE CORPORATION PLC,Energy,0.18725,fcff
RYTM,RHYTHM PHARMACEUTICALS,Health Care,0.18715,fcff
AUB,ATLANTIC UNION BANKSHARES,Financials,0.18678,book
XENE,XENON PHARMACEUTICALS,Health Care,0.18625,fcff
LUMN,LUMEN TECHNOLOGIES,Communication,0.18607,fcff
TVTX,TRAVERE THERAPEUTICS,Health Care,0.18602,fcff
IBP,INSTALLED BUILDING PRODUCTS,Consumer Discretionary,0.18562,fcff
BCPC,BALCHEM,Materials,0.18496,fcff
KGS,KODIAK GAS SERVICES INC,Energy,0.18483,fcff
SXT,SENSIENT TECHNOLOGIES,Materials,0.18425,fcff
PTCT,PTC THERAPEUTICS,Health Care,0.18419,fcff
COGT,COGENT BIOSCIENCES,Health Care,0.18306,fcff
SIGI,SELECTIVE INSURANCE GROUP,Financials,0.18224,book
AGX,ARGAN,Industrials,0.1821,fcff
ABCB,AMERIS BANCORP,Financials,0.18152,book
HCC,WARRIOR MET COAL INC,Materials,0.1812,fcff
BKH,BLACK HILLS CORP,Utilities,0.18104,fcff
RIG,TRANSOCEAN,Energy,0.18103,fcff
ENVA,ENOVA INTERNATIONAL,Financials,0.18046,book
LGND,LIGAND PHARMACEUTICALS,Health Care,0.17852,fcff
ACIW,ACI WORLDWIDE,Information Technology,0.17829,fcff
HOMB,HOME BANCSHARES INC,Financials,0.17624,book
NJR,NEW JERSEY RESOURCES CORP,Utilities,0.1759,fcff
KRG,KITE REALTY GROUP TRUST REIT,Real Estate,0.17444,none
CGON,CG ONCOLOGY,Health Care,0.17359,fcff
GVA,GRANITE CONSTRUCTION,Industrials,0.17345,fcff
AROC,ARCHROCK,Energy,0.17289,fcff
MMSI,MERIT MEDICAL SYSTEMS INC,Health Care,0.17243,fcff
PIPR,PIPER SANDLER COMPANIES,Financials,0.17106,book
MXL,MAXLINEAR,Information Technology,0.16989,fcff
DFTX,DEFINIUM THERAPEUTICS INC,Health Care,0.16989,fcff
CRSP,CRISPR THERAPEUTICS AG,Health Care,0.16978,fcff
AIR,AAR,Industrials,0.16858,fcff
ROAD,CONSTRUCTION PARTNERS CLASS A,Industrials,0.16818,fcff
SBRA,SABRA HEALTH CARE REIT,Real Estate,0.16798,none
RDNT,RADNET,Health Care,0.16782,fcff
CAKE,CHEESECAKE FACTORY INC,Consumer Discretionary,0.1676,fcff
CNO,CNO FINANCIAL GROUP,Financials,0.16593,book
RGTI,RIGETTI COMPUTING,Information Technology,0.16554,fcff
CORZ,CORE SCIENTIFIC INC,Information Technology,0.16507,fcff
HASI,HA SUSTAINABLE INFRASTRUCTURE CAPI,Financials,0.16459,book
AX,AXOS FINANCIAL,Financials,0.16454,book
CSW,CSW INDUSTRIALS,Industrials,0.16397,fcff
CIFR,CIPHER DIGITAL INC,Information Technology,0.16368,fcff
VCTR,VICTORY CAPITAL HOLDINGS CLASS A,Financials,0.16341,book
NOVT,NOVANTA,Information Technology,0.16269,fcff
CNR,CORE NATURAL RESOURCES,Energy,0.16243,fcff
PECO,PHILLIPS EDISON AND COMPANY,Real Estate,0.16202,none
OGS,ONE GAS,Utilities,0.1618,fcff
OII,OCEANEERING INTERNATIONAL INC,Energy,0.16109,fcff
HRI,HERC HOLDINGS,Industrials,0.15987,fcff
VRNS,VARONIS SYSTEMS,Information Technology,0.15904,fcff
CNX,CNX RESOURCES,Energy,0.15885,fcff
DNTH,DIANTHUS THERAPEUTICS INC,Health Care,0.15859,fcff
RDN,RADIAN GROUP,Financials,0.15859,book
SKY,CHAMPION HOMES INC,Consumer Discretionary,0.15852,fcff
MRCY,MERCURY SYSTEMS INC,Industrials,0.15817,fcff
MTRN,MATERION,Materials,0.15803,fcff
MUR,MURPHY OIL CORP,Energy,0.15774,fcff
VAL,VALARIS LTD,Energy,0.1574,fcff
PI,IMPINJ,Information Technology,0.15724,fcff
GLNG,GOLAR LNG,Energy,0.15713,fcff
UFPI,UFP INDUSTRIES,Industrials,0.15633,fcff
WHD,CACTUS CLASS A,Energy,0.15623,fcff
HAE,HAEMONETICS CORP,Health Care,0.1562,fcff
BIPC,BROOKFIELD INFRASTRUCTURE CORP CLA,Utilities,0.15536,fcff
SR,SPIRE INC,Utilities,0.15479,fcff
BOX,BOX INC CLASS A,Information Technology,0.15305,fcff
OUT,OUTFRONT MEDIA,Real Estate,0.15215,none
LAUR,LAUREATE EDUCATION,Consumer Discretionary,0.15203,fcff
BOOT,BOOT BARN HOLDINGS,Consumer Discretionary,0.15178,fcff
LQDA,LIQUIDIA,Health Care,0.15142,fcff
MTH,MERITAGE CORP,Consumer Discretionary,0.14944,fcff
RUSHA,RUSH ENTERPRISES CLASS A,Industrials,0.14933,fcff
JOBY,JOBY AVIATION CLASS A,Industrials,0.14931,fcff
URBN,URBAN OUTFITTERS,Consumer Discretionary,0.14929,fcff
GTX,GARRETT MOTION,Consumer Discretionary,0.14919,fcff
EBC,EASTERN BANKSHARES INC,Financials,0.14898,book
TDW,TIDEWATER,Energy,0.14766,fcff
PRM,PERIMETER SOLUTIONS,Materials,0.14732,fcff
CVSA,COVISTA,Consumer Discretionary,0.14717,fcff
BCO,BRINKS,Industrials,0.14707,fcff
MIRM,MIRUM PHARMACEUTICALS,Health Care,0.14657,fcff
ORKA,ORUKA THERAPEUTICS INC,Health Care,0.1464,fcff
MYRG,MYR GROUP INC,Industrials,0.14637,fcff
KFY,KORN FERRY,Industrials,0.14596,fcff
BGC,BGC GROUP INC CLASS A,Financials,0.14584,book
MRX,MAREX GROUP LTD,Financials,0.1452,book
PJT,PJT PARTNERS CLASS A,Financials,0.14501,book
SFBS,SERVISFIRST BANCSHARES INC,Financials,0.14443,book
NSIT,INSIGHT ENTERPRISES INC,Information Technology,0.14329,fcff
BDC,BELDEN,Information Technology,0.14306,fcff
ASB,ASSOCIATED BANCORP,Financials,0.14289,book
LIVN,LIVANOVA PLC,Health Care,0.14268,fcff
FFIN,FIRST FINANCIAL BANKSHARES INC,Financials,0.14224,book
CVCO,CAVCO INDUSTRIES,Consumer Discretionary,0.14187,fcff
PSMT,PRICESMART,Consumer Staples,0.14169,fcff
DK,DELEK US HOLDINGS INC,Energy,0.14072,fcff
NWE,NORTHWESTERN ENERGY GROUP,Utilities,0.14025,fcff
FULT,FULTON FINANCIAL,Financials,0.14016,book
TCBI,TEXAS CAPITAL BANCSHARES,Financials,0.13914,book
PTEN,PATTERSON UTI ENERGY INC,Energy,0.1389,fcff
XMTR,XOMETRY CLASS A,Industrials,0.13872,fcff
CBT,CABOT CORP,Materials,0.13865,fcff
ITRI,ITRON,Information Technology,0.13861,fcff
TENB,TENABLE HOLDINGS,Information Technology,0.13727,fcff
CHEF,CHEFS WAREHOUSE INC,Consumer Staples,0.13631,fcff
KTB,KONTOOR BRANDS,Consumer Discretionary,0.13613,fcff
ICUI,ICU MEDICAL,Health Care,0.13602,fcff
ITGR,INTEGER HOLDINGS CORP,Health Care,0.13565,fcff
CDP,COPT DEFENSE PROPERTIES,Real Estate,0.13558,none
FBP,FIRST BANCORP,Financials,0.13553,book
KLIC,KULICKE AND SOFFA INDUSTRIES INC,Information Technology,0.13412,fcff
VSH,VISHAY INTERTECHNOLOGY INC,Information Technology,0.13402,fcff
SLG,SL GREEN REALTY REIT CORP,Real Estate,0.13356,none
SKT,TANGER,Real Estate,0.13346,none
RELY,REMITLY GLOBAL,Financials,0.13282,book
HP,HELMERICH &amp; PAYNE,Energy,0.13273,fcff
INDV,INDIVIOR PHARMACEUTICALS INC,Health Care,0.13265,fcff
INSW,INTERNATIONAL SEAWAYS,Energy,0.13253,fcff
UNF,UNIFIRST,Industrials,0.1324,fcff
FLG,FLAGSTAR BANK NATIONAL ASSOCIATION,Financials,0.13226,book
AZZ,AZZ INC,Industrials,0.13226,fcff
BNL,BROADSTONE NET LEASE,Real Estate,0.1322,none
ABG,ASBURY AUTOMOTIVE GROUP INC,Consumer Discretionary,0.13183,fcff
CATY,CATHAY GENERAL BANCORP,Financials,0.13167,book
AVNT,AVIENT CORP,Materials,0.13158,fcff
YOU,CLEAR SECURE CLASS A,Information Technology,0.13158,fcff
WK,WORKIVA CLASS A,Information Technology,0.13148,fcff
MARA,MARA HOLDINGS,Information Technology,0.13142,fcff
GEO,GEO GROUP,Industrials,0.13122,fcff
QTWO,Q2 HOLDINGS INC,Information Technology,0.13098,fcff
TPC,TUTOR PERINI,Industrials,0.12925,fcff
DIOD,DIODES,Information Technology,0.12886,fcff
WSFS,WSFS FINANCIAL,Financials,0.12865,book
BMI,BADGER METER,Information Technology,0.12833,fcff
ATMU,ATMUS FILTRATION TECHNOLOGIES,Industrials,0.12814,fcff
ACMR,ACM RESEARCH CLASS A,Information Technology,0.12742,fcff
CON,CONCENTRA GROUP HOLDINGS PARENT IN,Health Care,0.12736,fcff
UCB,UNITED COMMUNITY BANKS INC,Financials,0.12686,book
IRTC,IRHYTHM HOLDINGS INC,Health Care,0.12669,fcff
INDB,INDEPENDENT BANK CORP,Financials,0.12649,book
ERAS,ERASCA,Health Care,0.12605,fcff
IBOC,INTERNATIONAL BANCSHARES CORP,Financials,0.12604,book
SPHR,SPHERE ENTERTAINMENT CLASS A,Communication,0.12567,fcff
SKYW,SKYWEST,Industrials,0.12546,fcff
STEP,STEPSTONE GROUP CLASS A,Financials,0.12546,book
MC,MOELIS CLASS A,Financials,0.1244,book
MHO,M I HOMES INC,Consumer Discretionary,0.12406,fcff
IRT,INDEPENDENCE REALTY,Real Estate,0.12401,none
PARR,PAR PACIFIC HOLDINGS,Energy,0.12385,fcff
DAVE,DAVE CLASS A,Financials,0.12354,book
ACHR,ARCHER AVIATION CLASS A,Industrials,0.12332,fcff
ADPT,ADAPTIVE BIOTECHNOLOGIES,Health Care,0.12276,fcff
FELE,FRANKLIN ELECTRIC,Industrials,0.12269,fcff
ONDS,ONDAS INC,Information Technology,0.12207,fcff
MWA,MUELLER WATER PRODUCTS SERIES A,Industrials,0.12181,fcff
CNK,CINEMARK HOLDINGS INC,Communication,0.12174,fcff
CRC,CALIFORNIA RESOURCES,Energy,0.12172,fcff
HTFL,HEARTFLOW,Health Care,0.12158,fcff
RNST,RENASANT CORP,Financials,0.12135,book
GFF,GRIFFON,Industrials,0.12129,fcff
LMND,LEMONADE INC,Financials,0.12083,book
OPCH,OPTION CARE HEALTH INC,Health Care,0.12054,fcff
DYN,DYNE THERAPEUTICS,Health Care,0.12013,fcff
CVBF,CVB FINANCIAL CORP,Financials,0.11949,book
GHC,GRAHAM HOLDINGS COMPANY CLASS B,Consumer Discretionary,0.11944,fcff
ACAD,ACADIA PHARMACEUTICALS,Health Care,0.1194,fcff
APLE,APPLE HOSPITALITY REIT INC,Real Estate,0.11901,none
OPLN,OPENLANE,Industrials,0.11866,fcff
KNF,KNIFE RIVER CORP,Materials,0.11772,fcff
SYNA,SYNAPTICS,Information Technology,0.11761,fcff
UUUU,ENERGY FUELS,Energy,0.11757,fcff
WSBC,WESBANCO,Financials,0.1174,book
LRN,STRIDE INC,Consumer Discretionary,0.11661,fcff
CECO,CECO ENVIRONMENTAL,Industrials,0.11658,fcff
AXTI,AXT,Information Technology,0.11651,fcff
RXO,RXO INC,Industrials,0.11643,fcff
HNGE,HINGE HEALTH CLASS A,Health Care,0.11631,fcff
CSTM,CONSTELLIUM SE CLASS A,Materials,0.11607,fcff
SXI,STANDEX INTERNATIONAL CORP,Industrials,0.1158,fcff
STNG,SCORPIO TANKERS,Energy,0.11557,fcff
GNW,GENWORTH FINANCIAL INC,Financials,0.11552,book
KAI,KADANT INC,Industrials,0.11551,fcff
ACLS,AXCELIS TECHNOLOGIES,Information Technology,0.11533,fcff
BTU,PEABODY ENERGY CORP,Energy,0.11444,fcff
DORM,DORMAN PRODUCTS,Consumer Discretionary,0.11394,fcff
HNI,HNI,Industrials,0.11346,fcff
AWR,AMERICAN STATES WATER,Utilities,0.11309,fcff
LXP,LXP INDUSTRIAL TRUST,Real Estate,0.11303,none
DNLI,DENALI THERAPEUTICS,Health Care,0.11263,fcff
CRGY,CRESCENT ENERGY CLASS A,Energy,0.1125,fcff
FSLY,FASTLY CLASS A,Information Technology,0.11247,fcff
PII,POLARIS INC,Consumer Discretionary,0.11247,fcff
CALM,CAL MAINE FOODS,Consumer Staples,0.11234,fcff
OTTR,OTTER TAIL,Utilities,0.11222,fcff
EXPO,EXPONENT,Industrials,0.11155,fcff
VGNT,VERSIGENT PLC,Consumer Discretionary,0.11133,fcff
NHI,NATIONAL HEALTH INVESTORS REIT,Real Estate,0.11131,none
IMVT,IMMUNOVANT,Health Care,0.11116,fcff
NMIH,NMI HOLDINGS,Financials,0.11111,book
VCYT,VERACYTE,Health Care,0.11108,fcff
AMLX,AMYLYX PHARMACEUTICALS,Health Care,0.11094,fcff
MIR,MIRION TECHNOLOGIES CLASS A,Information Technology,0.11085,fcff
HIW,HIGHWOODS PROPERTIES REIT,Real Estate,0.11082,none
PLMR,PALOMAR HOLDINGS,Financials,0.11037,book
USAR,USA RARE EARTH CLASS A,Materials,0.11024,fcff
FFBC,FIRST FINANCIAL BANCORP,Financials,0.10976,book
ASH,ASHLAND,Materials,0.10924,fcff
NATL,NCR ATLEOS,Financials,0.10871,book
DAN,DANA INCORPORATED INC,Consumer Discretionary,0.10841,fcff
CWK,CUSHMAN AND WAKEFIELD LTD,Real Estate,0.1081,none
FIBK,FIRST INTERSTATE BANCSYSTEM,Financials,0.10805,book
MGNI,MAGNITE,Communication,0.10803,fcff
NIC,NICOLET BANKSHARES INC,Financials,0.10781,book
CELC,CELCUITY,Health Care,0.10773,fcff
TDS,TELEPHONE AND DATA SYSTEMS,Communication,0.10652,fcff
SBCF,SEACOAST BANKING OF FLORIDA,Financials,0.1065,book
PRK,PARK NATIONAL CORP,Financials,0.1063,book
CBU,COMMUNITY FINANCIAL SYSTEM INC,Financials,0.10628,book
KBH,KB HOME,Consumer Discretionary,0.10621,fcff
IDYA,IDEAYA BIOSCIENCES,Health Care,0.10576,fcff
WT,WISDOMTREE,Financials,0.10569,book
CXW,CORECIVIC REIT,Industrials,0.10552,fcff
CLMT,CALUMET,Energy,0.10537,fcff
GRAL,GRAIL INC,Health Care,0.10537,fcff
OSIS,OSI SYSTEMS,Information Technology,0.10518,fcff
MIAX,MIAMI INTERNATIONAL HOLDINGS,Financials,0.10503,book
TOWN,TOWNEBANK,Financials,0.10492,book
TNGX,TANGO THERAPEUTICS,Health Care,0.10484,fcff
MMS,MAXIMUS,Industrials,0.1047,fcff
KNSA,KINIKSA PHARMACEUTICALS INTERNATIO,Health Care,0.10449,fcff
BRZE,BRAZE INC CLASS A,Information Technology,0.1044,fcff
SIG,SIGNET JEWELERS,Consumer Discretionary,0.10436,fcff
LEU,CENTRUS ENERGY CLASS A,Energy,0.10436,fcff
SHOO,STEVEN MADDEN,Consumer Discretionary,0.10348,fcff
CENX,CENTURY ALUMINUM,Materials,0.10336,fcff
SFNC,SIMMONS FIRST NATIONAL CLASS A,Financials,0.10287,book
ATKR,ATKORE,Industrials,0.1025,fcff
IOVA,IOVANCE BIOTHERAPEUTICS INC,Health Care,0.10156,fcff
SPSC,SPS COMMERCE,Information Technology,0.1013,fcff
BKU,BANKUNITED,Financials,0.10119,book
BULL,WEBULL CORP CLASS A,Financials,0.10101,book
AVA,AVISTA,Utilities,0.10097,fcff
CPK,CHESAPEAKE UTILITIES,Utilities,0.10083,fcff
LGN,LEGENCE CLASS A,Industrials,0.10028,fcff
FUL,HB FULLER,Materials,0.10019,fcff
UCTT,ULTRA CLEAN HOLDINGS INC,Information Technology,0.09937,fcff
AGYS,AGILYSYS INC,Information Technology,0.09894,fcff
CLBK,COLUMBIA FINANCIAL INC,Financials,0.09868,book
VAC,MARRIOTT VACATIONS WORLDWIDE,Consumer Discretionary,0.09859,fcff
GPI,GROUP AUTOMOTIVE INC,Consumer Discretionary,0.09857,fcff
MSGE,MADISON SQUARE GARDEN ENTERTAINMEN,Communication,0.09853,fcff
IBRX,IMMUNITYBIO INC,Health Care,0.09818,fcff
OPEN,OPENDOOR TECHNOLOGIES CLASS A,Real Estate,0.09818,none
CLDX,CELLDEX THERAPEUTICS,Health Care,0.09768,fcff
LBRT,LIBERTY ENERGY CLASS A,Energy,0.09748,fcff
CWT,CALIFORNIA WATER SERVICE GROUP,Utilities,0.09743,fcff
ARCB,ARCBEST,Industrials,0.09718,fcff
NG,NOVAGOLD RESOURCES INC,Materials,0.09703,fcff
RLAY,RELAY THERAPEUTICS,Health Care,0.09691,fcff
BELFB,BEL FUSE CLASS B,Information Technology,0.09678,fcff
EWTX,EDGEWISE THERAPEUTICS,Health Care,0.09673,fcff
TMDX,TRANSMEDICS GROUP,Health Care,0.09655,fcff
SDRL,SEADRILL,Energy,0.09632,fcff
SMR,NUSCALE POWER CORP CLASS A,Industrials,0.0963,fcff
COCO,THE VITA COCO COMPANY,Consumer Staples,0.0961,fcff
AMBA,AMBARELLA,Information Technology,0.0961,fcff
BWIN,BALDWIN INSURANCE GROUP CLASS A,Financials,0.09604,book
TARS,TARSUS PHARMACEUTICALS,Health Care,0.09579,fcff
PK,PARK HOTELS RESORTS INC,Real Estate,0.09559,none
PLUG,PLUG POWER,Industrials,0.09558,fcff
AMRX,AMNEAL PHARMACEUTICALS CLASS A,Health Care,0.09515,fcff
DNOW,DNOW,Industrials,0.095,fcff
NAVN,NAVAN CLASS A,Consumer Discretionary,0.09478,fcff
CURB,CURBLINE PROPERTIES,Real Estate,0.09471,none
FRSH,FRESHWORKS CLASS A,Information Technology,0.09456,fcff
WDFC,WD-40,Consumer Staples,0.09418,fcff
WAY,WAYSTAR HOLDING,Health Care,0.0939,fcff
CLSK,CLEANSPARK,Information Technology,0.09378,fcff
EXTR,EXTREME NETWORKS,Information Technology,0.09297,fcff
PFS,PROVIDENT FINANCIAL SERVICES INC,Financials,0.09297,book
MAN,MANPOWER,Industrials,0.09285,fcff
KN,KNOWLES,Information Technology,0.09281,fcff
IMNM,IMMUNOME,Health Care,0.0927,fcff
MGEE,MGE ENERGY,Utilities,0.09256,fcff
MCY,MERCURY GENERAL,Financials,0.09233,book
DHT,DHT HOLDINGS,Energy,0.09227,fcff
BEAM,BEAM THERAPEUTICS,Health Care,0.09178,fcff
NHC,NATIONAL HEALTHCARE CORP,Health Care,0.09167,fcff
POWI,POWER INTEGRATIONS,Information Technology,0.09162,fcff
ADEA,ADEIA,Information Technology,0.0914,fcff
BOH,BANK OF HAWAII,Financials,0.09139,book
NTCT,NETSCOUT SYSTEMS,Information Technology,0.09103,fcff
DX,DYNEX CAPITAL REIT,Financials,0.09087,book
DBRG,DIGITALBRIDGE GROUP INC CLASS A,Financials,0.09072,book
DGII,DIGI INTERNATIONAL,Information Technology,0.09064,fcff
BCC,BOISE CASCADE,Industrials,0.09041,fcff
ASO,ACADEMY SPORTS AND OUTDOORS,Consumer Discretionary,0.09034,fcff
SOUN,SOUNDHOUND AI CLASS A,Information Technology,0.09025,fcff
VC,VISTEON,Consumer Discretionary,0.08984,fcff
AKR,ACADIA REALTY TRUST REIT,Real Estate,0.0898,none
APAM,ARTISAN PARTNERS ASSET MANAGEMENT,Financials,0.08932,book
UNFI,UNITED NATURAL FOODS INC,Consumer Staples,0.0893,fcff
ABM,ABM INDUSTRIES INC,Industrials,0.08918,fcff
GPOR,GULFPORT ENERGY,Energy,0.08903,fcff
BKD,BROOKDALE SENIOR LIVING INC,Health Care,0.08881,fcff
FCPT,FOUR CORNERS PROPERTY INC TRUST,Real Estate,0.08874,none
MGRC,MCGRATH RENT,Industrials,0.08874,fcff
KNTK,KINETIK HOLDINGS CLASS A,Energy,0.08863,fcff
ALRM,ALARM.COM HOLDINGS,Information Technology,0.08833,fcff
CARG,CARGURUS CLASS A,Communication,0.08795,fcff
SHAK,SHAKE SHACK INC CLASS A,Consumer Discretionary,0.08795,fcff
TDC,TERADATA,Information Technology,0.08785,fcff
UE,URBAN EDGE PROPERTIES,Real Estate,0.08776,none
RRR,RED ROCK RESORTS ORS CLASS A,Consumer Discretionary,0.08761,fcff
AXGN,AXOGEN,Health Care,0.0866,fcff
AAMI,ACADIAN ASSET MANAGEMENT,Financials,0.08627,book
REZI,RESIDEO TECHNOLOGIES,Industrials,0.08621,fcff
FRME,FIRST MERCHANTS,Financials,0.08595,book
ARQT,ARCUTIS BIOTHERAPEUTICS,Health Care,0.08581,fcff
NOG,NORTHERN OIL AND GAS,Energy,0.08569,fcff
PATK,PATRICK INDUSTRIES,Consumer Discretionary,0.08564,fcff
CBZ,CBIZ,Industrials,0.08537,fcff
AEO,AMERICAN EAGLE OUTFITTERS,Consumer Discretionary,0.08523,fcff
SEI,SOLARIS ENERGY INFRASTRUCTURE INC,Energy,0.08503,fcff
VECO,VEECO INSTRUMENTS INC,Information Technology,0.0848,fcff
RSI,RUSH STREET INTERACTIVE CLASS A,Consumer Discretionary,0.08452,fcff
ACHC,ACADIA HEALTHCARE COMPANY,Health Care,0.08443,fcff
NWL,NEWELL BRANDS INC,Consumer Discretionary,0.08419,fcff
HURN,HURON CONSULTING GROUP,Industrials,0.08405,fcff
FBNC,FIRST BANCORP,Financials,0.08383,book
DRH,DIAMONDROCK HOSPITALITY,Real Estate,0.08374,none
AAP,ADVANCE AUTO PARTS INC,Consumer Discretionary,0.08355,fcff
JOE,ST JOE,Real Estate,0.08354,none
PHIN,PHINIA,Consumer Discretionary,0.08326,fcff
NBTB,NBT BANCORP,Financials,0.08284,book
BBT,BEACON FINANCIAL,Financials,0.08261,book
FIVN,FIVE9,Information Technology,0.08255,fcff
RCUS,ARCUS BIOSCIENCES,Health Care,0.08253,fcff
WRBY,WARBY PARKER CLASS A,Consumer Discretionary,0.08247,fcff
TBBK,BANCORP INC,Financials,0.08242,book
NEOG,NEOGEN,Health Care,0.0824,fcff
BANC,BANC OF CALIFORNIA,Financials,0.08232,book
KALU,KAISER ALUMINIUM,Materials,0.0819,fcff
TRMK,TRUSTMARK,Financials,0.08189,book
CDNA,CAREDX,Health Care,0.08181,fcff
FBK,FB FINANCIAL,Financials,0.08165,book
BHE,BENCHMARK ELECTRONICS INC,Information Technology,0.08159,fcff
WAFD,WAFD INC,Financials,0.08156,book
OSW,ONESPAWORLD HOLDINGS LTD,Consumer Discretionary,0.0813,fcff
LCII,LCI INDUSTRIES,Consumer Discretionary,0.0808,fcff
NRIX,NURIX THERAPEUTICS INC,Health Care,0.08047,fcff
PBH,PRESTIGE CONSUMER HEALTHCARE,Health Care,0.08034,fcff
PRVA,PRIVIA HEALTH GROUP INC,Health Care,0.08011,fcff
PENG,PENGUIN SOLUTIONS INC,Information Technology,0.0798,fcff
SLS,SELLAS LIFE SCIENCES GROUP INC,Health Care,0.07973,fcff
NKTR,NEKTAR THERAPEUTICS,Health Care,0.07959,fcff
CXT,CRANE NXT,Information Technology,0.07949,fcff
NMRK,NEWMARK GROUP INC CLASS A,Real Estate,0.07932,none
BATRK,ATLANTA BRAVES HOLDINGS SERIES C,Communication,0.07925,fcff
ELVN,ENLIVEN THERAPEUTICS,Health Care,0.07917,fcff
DCO,DUCOMMUN,Industrials,0.07914,fcff
BUSE,FIRST BUSEY,Financials,0.079,book
NGVT,INGEVITY,Materials,0.0787,fcff
AEHR,AEHR TEST SYSTEMS,Information Technology,0.07859,fcff
UPST,UPSTART HOLDINGS,Financials,0.07856,book
RARE,ULTRAGENYX PHARMACEUTICAL,Health Care,0.07848,fcff
HGV,HILTON GRAND VACATIONS,Consumer Discretionary,0.07845,fcff
NCNO,NCINO,Information Technology,0.07838,fcff
INTA,INTAPP,Information Technology,0.07821,fcff
SUPN,SUPERNUS PHARMACEUTICALS,Health Care,0.0782,fcff
CUBI,CUSTOMERS BANCORP,Financials,0.07788,book
ATRO,ASTRONICS,Industrials,0.07767,fcff
SKWD,SKYWARD SPECIALTY INSURANCE GROUP,Financials,0.07763,book
DXPE,DXP ENTERPRISES,Industrials,0.07738,fcff
AMR,ALPHA METALLURGICAL RESOURCE,Materials,0.07737,fcff
ALHC,ALIGNMENT HEALTHCARE,Health Care,0.07725,fcff
HLIO,HELIOS TECHNOLOGIES INC,Industrials,0.07722,fcff
ATRC,ATRICURE,Health Care,0.07709,fcff
GOLF,ACUSHNET HOLDINGS CORP,Consumer Discretionary,0.07709,fcff
IVT,INVENTRUST PROPERTIES,Real Estate,0.07699,none
NTB,BANK OF NT BUTTERFIELD &amp; SON LTD,Financials,0.07677,book
GPGI,GPGI INC CLASS A,Information Technology,0.07677,fcff
LASR,NLIGHT,Information Technology,0.07652,fcff
IOSP,INNOSPEC INC,Materials,0.07637,fcff
CNS,COHEN &amp; STEERS INC,Financials,0.07634,book
HUBG,HUB GROUP CLASS A,Industrials,0.07609,fcff
EFSC,ENTERPRISE FINANCIAL SERVICES CORP,Financials,0.07605,book
PLUS,EPLUS,Information Technology,0.07582,fcff
CC,CHEMOURS,Materials,0.07579,fcff
BANF,BANCFIRST CORP,Financials,0.0757,book
RAMP,LIVERAMP HOLDINGS INC,Information Technology,0.07557,fcff
LFST,LIFESTANCE HEALTH GROUP,Health Care,0.07541,fcff
NEO,NEOGENOMICS,Health Care,0.07538,fcff
AVPT,AVEPOINT CLASS A,Information Technology,0.07532,fcff
HWKN,HAWKINS INC,Materials,0.07522,fcff
TRN,TRINITY INDUSTRIES INC,Industrials,0.0751,fcff
RH,RH,Consumer Discretionary,0.07472,fcff
WERN,WERNER ENTERPRISES,Industrials,0.07463,fcff
IMAX,IMAX CORP,Communication,0.07412,fcff
ATAI,ATAIBECKLEY INC,Health Care,0.07377,fcff
KWR,QUAKER HOUGHTON CORP,Materials,0.07376,fcff
BANR,BANNER CORP,Financials,0.07364,book
MZTI,MARZETTI,Consumer Staples,0.07305,fcff
UFPT,UFP TECHNOLOGIES INC,Health Care,0.07282,fcff
VVX,V2X,Industrials,0.07278,fcff
BCRX,BIOCRYST PHARMACEUTICALS,Health Care,0.07274,fcff
KMT,KENNAMETAL,Industrials,0.07271,fcff
IRON,DISC MEDICINE,Health Care,0.0725,fcff
LION,LIONSGATE STUDIOS,Communication,0.07248,fcff
SGHC,SUPER GROUP,Consumer Discretionary,0.07243,fcff
STNE,STONECO CLASS A,Financials,0.07238,book
FLYW,FLYWIRE,Financials,0.07225,book
ROG,ROGERS,Information Technology,0.07224,fcff
XRAY,DENTSPLY SIRONA,Health Care,0.07222,fcff
TILE,INTERFACE,Industrials,0.07213,fcff
MTX,MINERALS TECHNOLOGIES,Materials,0.072,fcff
COHU,COHU,Information Technology,0.07164,fcff
HTO,H2O AMERICA,Utilities,0.07148,fcff
PTON,PELOTON INTERACTIVE CLASS A INC,Consumer Discretionary,0.07105,fcff
MD,PEDIATRIX MEDICAL GROUP INC,Health Care,0.07097,fcff
PENN,PENN ENTERTAINMENT,Consumer Discretionary,0.07076,fcff
CALY,CALLAWAY GOLF COMPANY,Consumer Discretionary,0.07076,fcff
CALX,CALIX NETWORKS,Information Technology,0.07058,fcff
GRBK,GREEN BRICK PARTNERS,Consumer Discretionary,0.07043,fcff
BXMT,BLACKSTONE MORTGAGE TRUST REIT CLA,Financials,0.0702,book
STC,STEWART INFO SERVICES CORP,Financials,0.07016,book
WTTR,SELECT WATER SOLUTIONS CLASS A,Energy,0.07015,fcff
NWBI,NORTHWEST BANCSHARES INC,Financials,0.07014,book
PFSI,PENNYMAC FINANCIAL SERVICES,Financials,0.07004,book
VERA,VERA THERAPEUTICS CLASS A,Health Care,0.06971,fcff
TNK,TEEKAY TANKERS LTD CLASS A,Energy,0.06947,fcff
OUST,OUSTER,Information Technology,0.06916,fcff
ANDE,ANDERSONS INC,Consumer Staples,0.06913,fcff
PPTA,PERPETUA RESOURCES,Materials,0.06897,fcff
SRPT,SAREPTA THERAPEUTICS,Health Care,0.06891,fcff
IPAR,INTERPARFUMS INC,Consumer Staples,0.06874,fcff
ADUS,ADDUS HOMECARE CORP,Health Care,0.06864,fcff
ADMA,ADMA BIOLOGICS,Health Care,0.06854,fcff
OFG,OFG BANCORP,Financials,0.0684,book
PAY,PAYMENTUS HOLDINGS INC CLASS A,Financials,0.06829,book
HCI,HCI GROUP INC,Financials,0.06799,book
NWN,NORTHWEST NATURAL HOLDING COMPANY,Utilities,0.06786,fcff
RDW,REDWIRE,Industrials,0.06785,fcff
TALO,TALOS ENERGY,Energy,0.0678,fcff
AGM,FEDERAL AGRICULTURAL MORTGAGE NON,Financials,0.06777,book
MANE,VERADERMICS,Health Care,0.06759,fcff
WLY,JOHN WILEY AND SONS CLASS A,Communication,0.06741,fcff
ECPG,ENCORE CAPITAL GROUP,Financials,0.06728,book
BFH,BREAD FINANCIAL HOLDINGS,Financials,0.06726,book
VCEL,VERICEL,Health Care,0.06709,fcff
FCF,FIRST COMMONWEALTH FINANCIAL CORP,Financials,0.06707,book
OCUL,OCULAR THERAPEUTIX,Health Care,0.06706,fcff
NESR,NATIONAL ENERGY SERVICES REUNITED,Energy,0.06703,fcff
SYBT,STOCK YARDS BANCORP INC,Financials,0.06697,book
NVTS,NAVITAS SEMICONDUCTOR,Information Technology,0.06688,fcff
HMN,HORACE MANN EDUCATORS CORP,Financials,0.06674,book
VRDN,VIRIDIAN THERAPEUTICS ORS INC,Health Care,0.06639,fcff
HAPN,HAPPEN,Financials,0.06585,book
ARR,ARMOUR RESIDENTIAL REIT,Financials,0.06572,book
SHO,SUNSTONE HOTEL INVESTORS REIT INC,Real Estate,0.06568,none
BHVN,BIOHAVEN,Health Care,0.06556,fcff
RUN,SUNRUN INC,Industrials,0.06546,fcff
GEF,GREIF INC CLASS A,Materials,0.06509,fcff
PRDO,PERDOCEO EDUCATION,Consumer Discretionary,0.065,fcff
SPB,SPECTRUM BRANDS HOLDINGS,Consumer Staples,0.06499,fcff
SEZL,SEZZLE INC,Financials,0.06489,book
PRGO,PERRIGO PLC,Health Care,0.06485,fcff
CRVL,CORVEL,Health Care,0.06482,fcff
LTC,LTC PROPERTIES REIT,Real Estate,0.06444,none
NTST,NETSTREIT,Real Estate,0.06423,none
DXC,DXC TECHNOLOGY,Information Technology,0.06388,fcff
PACS,PACS GROUP,Health Care,0.06363,fcff
CHCO,CITY HOLDING,Financials,0.06346,book
NSP,INSPERITY,Industrials,0.06329,fcff
TNET,TRINET GROUPINARY,Industrials,0.06323,fcff
PEB,PEBBLEBROOK HOTEL TRUST REIT,Real Estate,0.06303,none
AGIO,AGIOS PHARMACEUTICALS,Health Care,0.06283,fcff
LUNR,INTUITIVE MACHINES INC CLASS A,Industrials,0.06276,fcff
NNI,NELNET CLASS A,Financials,0.06213,book
FA,FIRST ADVANTAGE,Industrials,0.06208,fcff
ICHR,ICHOR HOLDINGS,Information Technology,0.06186,fcff
MBX,MBX BIOSCIENCES,Health Care,0.06178,fcff
KSS,KOHLS CORP,Consumer Discretionary,0.0616,fcff
ZD,ZIFF DAVIS INC,Communication,0.06154,fcff
PRLB,PROTO LABS,Industrials,0.06147,fcff
AUPH,AURINIA PHARMACEUTICALS,Health Care,0.06143,fcff
GNL,GLOBAL NET LEASE INC,Real Estate,0.06143,none
EPAC,ENERPAC TOOL GROUP CLASS A,Industrials,0.06142,fcff
BBUC,BROOKFIELD BUSINESS CORP CLASS A,Industrials,0.06126,fcff
GENI,GENIUS SPORTS LTD,Consumer Discretionary,0.06098,fcff
ALGT,ALLEGIANT TRAVEL,Industrials,0.06088,fcff
GTY,GETTY REALTY REIT,Real Estate,0.06082,none
NVCR,NOVOCURE,Health Care,0.06075,fcff
STRA,STRATEGIC EDUCATION,Consumer Discretionary,0.06063,fcff
ESTA,ESTABLISHMENT LABS INC,Health Care,0.06057,fcff
KEEL,KEEL INFRASTRUCTURE CORP,Information Technology,0.06053,fcff
EVTC,EVERTEC INC,Financials,0.06047,book
PRGS,PROGRESS SOFTWARE CORP,Information Technology,0.06043,fcff
HE,HAWAIIAN ELECTRIC INDUSTRIES,Utilities,0.06026,fcff
BLBD,BLUE BIRD,Industrials,0.06016,fcff
GABC,GERMAN AMERICAN BANCORP INC,Financials,0.06016,book
LPG,DORIAN LPG,Energy,0.06014,fcff
DV,DOUBLEVERIFY HOLDINGS,Communication,0.06008,fcff
PAYO,PAYONEER GLOBAL INC,Financials,0.05956,book
ATEN,A10 NETWORKS INC,Information Technology,0.05952,fcff
URGN,UROGEN PHARMA,Health Care,0.05919,fcff
SONO,SONOS,Consumer Discretionary,0.05917,fcff
CENTA,CENTRAL GARDEN AND PET CLASS A,Consumer Staples,0.05836,fcff
XHR,XENIA HOTELS RESORTS REIT,Real Estate,0.05829,none
SPNT,SIRIUSPOINT,Financials,0.05821,book
XNCR,XENCOR,Health Care,0.05804,fcff
SMA,SMARTSTOP SELF STORAGE REIT INC,Real Estate,0.05779,none
INOD,INNODATA,Industrials,0.05767,fcff
CLOV,CLOVER HEALTH INVESTMENTS CLASS A,Health Care,0.05762,fcff
GT,GOODYEAR TIRE &amp; RUBBER,Consumer Discretionary,0.05744,fcff
PGNY,PROGYNY,Health Care,0.05744,fcff
FTRE,FORTREA HOLDINGS INC,Health Care,0.0574,fcff
CTRI,CENTURI HOLDINGS INC,Industrials,0.05729,fcff
WOR,WORTHINGTON ENTERPRISES,Industrials,0.05729,fcff
WKC,WORLD KINECT,Energy,0.057,fcff
TRVI,TREVI THERAPEUTICS,Health Care,0.05685,fcff
NBHC,NATIONAL BANK HOLDINGS CORP CLASS,Financials,0.0568,book
VOYG,VOYAGER TECHNOLOGIES CLASS A,Industrials,0.05679,fcff
INSP,INSPIRE MEDICAL SYSTEMS,Health Care,0.05648,fcff
GLOB,GLOBANT,Information Technology,0.05643,fcff
ALMS,ALUMIS,Health Care,0.05637,fcff
BLKB,BLACKBAUD,Information Technology,0.05636,fcff
CCS,CENTURY COMMUNITIES INC,Consumer Discretionary,0.05625,fcff
BFLY,BUTTERFLY NETWORK CLASS A,Health Care,0.05616,fcff
HRMY,HARMONY BIOSCIENCES HLDG,Health Care,0.05602,fcff
LMAT,LEMAITRE VASCULAR,Health Care,0.0558,fcff
MBC,MASTERBRAND,Industrials,0.05574,fcff
ALG,ALAMO GROUP,Industrials,0.05567,fcff
CASH,PATHWARD FINANCIAL INC,Financials,0.05566,book
NTLA,INTELLIA THERAPEUTICS,Health Care,0.05556,fcff
TIC,TIC SOLUTIONS INC,Industrials,0.05546,fcff
SNDX,SYNDAX PHARMACEUTICALS,Health Care,0.05541,fcff
WGS,GENEDX HOLDINGS CLASS A,Health Care,0.05534,fcff
ASTH,ASTRANA HEALTH,Health Care,0.05517,fcff
DHC,DIVERSIFIED HEALTHCARE TRUST,Real Estate,0.05477,none
STBA,S AND T BANCORP INC,Financials,0.05477,book
STOK,STOKE THERAPEUTICS,Health Care,0.05475,fcff
UNIT,UNITI GROUP INC,Communication,0.05445,fcff
PRCH,PORCH GROUP,Financials,0.05432,book
APPN,APPIAN CORP CLASS A,Information Technology,0.0542,fcff
HG,HAMILTON INSURANCE GROUP CLASS B,Financials,0.05406,book
BLX,BLADEX INC CLASS E,Financials,0.05397,book
FLY,FIREFLY AEROSPACE,Industrials,0.05395,fcff
WWW,WOLVERINE WORLD WIDE,Consumer Discretionary,0.05391,fcff
AIN,ALBANY INTERNATIONAL CORP CLASS A,Industrials,0.05386,fcff
HOPE,HOPE BANCORP INC,Financials,0.05382,book
RXRX,RECURSION PHARMACEUTICALS CLASS A,Health Care,0.05373,fcff
QCRH,QCR HOLDINGS INC,Financials,0.05363,book
NUVB,NUVATION BIO CLASS A,Health Care,0.05359,fcff
GSHD,GOOSEHEAD INSURANCE CLASS A,Financials,0.05333,book
EFC,ELLINGTON FINANCIAL,Financials,0.05326,book
DCOM,DIME COMMERCIAL BANCSHARES,Financials,0.05299,book
TFIN,TRIUMPH FINANCIAL,Financials,0.05296,book
QUBT,QUANTUM COMPUTING,Information Technology,0.05288,fcff
ICFI,ICF INTERNATIONAL,Industrials,0.0528,fcff
BL,BLACKLINE INC,Information Technology,0.05256,fcff
JBLU,JETBLUE AIRWAYS,Industrials,0.05233,fcff
IIPR,INNOVATIVE INDUSTRIAL PROPERTIES I,Real Estate,0.05217,none
KOS,KOSMOS ENERGY,Energy,0.05213,fcff
PVLA,PALVELLA THERAPEUTICS INC,Health Care,0.05205,fcff
SBH,SALLY BEAUTY HOLDINGS INC,Consumer Discretionary,0.05195,fcff
GRC,GORMAN-RUPP,Industrials,0.05188,fcff
SRCE,1ST SOURCE CORP,Financials,0.05172,book
HTH,HILLTOP HOLDINGS,Financials,0.05166,book
PLAB,PHOTRONICS,Information Technology,0.05152,fcff
AMC,AMC ENTERTAINMENT HOLDINGS INC CLA,Communication,0.05146,fcff
CPRI,CAPRI HOLDINGS LTD,Consumer Discretionary,0.05144,fcff
MLKN,MILLERKNOLL,Industrials,0.05138,fcff
CTS,CTS CORP,Information Technology,0.05127,fcff
ETON,ETON PHARMACEUTCIALS INC,Health Care,0.05081,fcff
TPB,TURNING POINT BRANDS,Consumer Staples,0.05079,fcff
HUN,HUNTSMAN CORP,Materials,0.05075,fcff
DBD,DIEBOLD NIXDORF INC,Information Technology,0.05065,fcff
BFC,BANK FIRST CORP,Financials,0.05061,book
TCBK,TRICO BANCSHARES,Financials,0.0506,book
KMPR,KEMPER,Financials,0.05059,book
PRG,PROG HOLDINGS INC,Financials,0.05051,book
OBK,ORIGIN BANCORP INC,Financials,0.0505,book
INVA,INNOVIVA,Health Care,0.05023,fcff
SLDE,SLIDE INSURANCE HOLDINGS,Financials,0.05022,book
FUN,SIX FLAGS ENTERTAINMENT CORP,Consumer Discretionary,0.0501,fcff
HCSG,HEALTHCARE SERVICES GROUP,Industrials,0.04992,fcff
DJT,TRUMP MEDIA TECHNOLOGY GROUP,Communication,0.04966,fcff
CNOB,CONNECTONE BANCORP,Financials,0.04963,book
OCFC,OCEANFIRST FINANCIAL CORP,Financials,0.04961,book
NN,NEXTNAV,Information Technology,0.04946,fcff
CNMD,CONMED CORP,Health Care,0.04937,fcff
SAFT,SAFETY INSURANCE GROUP INC,Financials,0.04931,book
SBET,SHARPLINK INC,Financials,0.04917,book
HLMN,HILLMAN SOLUTIONS CORP,Industrials,0.04914,fcff
ADNT,ADIENT PLC,Consumer Discretionary,0.04914,fcff
PBI,PITNEY BOWES,Industrials,0.04893,fcff
BLFS,BIOLIFE SOLUTIONS,Health Care,0.04881,fcff
CMPR,CIMPRESS PLC,Industrials,0.0488,fcff
DCH,DAUCH CORPORATION,Consumer Discretionary,0.0486,fcff
SFL,SFL,Energy,0.04858,fcff
ADIG,ADI GLOBAL DISTRIBUTION,Information Technology,0.04855,fcff
PAGS,PAGSEGURO DIGITAL LTD CLASS A,Financials,0.04852,book
DMRA,DAMORA THERAPEUTICS INC,Health Care,0.04849,fcff
OMCL,OMNICELL INC,Health Care,0.04821,fcff
MCRI,MONARCH CASINO AND RESORT,Consumer Discretionary,0.048,fcff
INFQ,INFLEQTION INC,Information Technology,0.04797,fcff
ACT,ENACT HOLDINGS INC,Financials,0.04788,book
TNDM,TANDEM DIABETES CARE,Health Care,0.04773,fcff
RAPP,RAPPORT THERAPEUTICS,Health Care,0.04769,fcff
KOD,KODIAK SCIENCES,Health Care,0.0476,fcff
VIA,VIA TRANSPORTATION CLASS A,Information Technology,0.04757,fcff
LIND,LINDBLAD EXPEDITIONS HOLDINGS,Consumer Discretionary,0.04739,fcff
PDFS,PDF SOLUTIONS,Information Technology,0.04736,fcff
PEBO,PEOPLES BANCORP INC,Financials,0.04733,book
BBAI,BIGBEAR.AI HOLDINGS,Information Technology,0.04731,fcff
PURR,HYPERLIQUID STRATEGIES INC,Health Care,0.04723,fcff
ANIP,ANI PHARMACEUTICALS,Health Care,0.04705,fcff
MLYS,MINERALYS THERAPEUTICS,Health Care,0.04688,fcff
DEI,DOUGLAS EMMETT REIT,Real Estate,0.04676,none
FIGS,FIGS CLASS A,Consumer Discretionary,0.04674,fcff
XPRO,EXPRO LTD,Energy,0.04673,fcff
RLJ,RLJ LODGING TRUST REIT,Real Estate,0.04669,none
STUB,STUBHUB HOLDINGS INC CLASS A,Communication,0.04653,fcff
MQ,MARQETA CLASS A,Financials,0.04645,book
BAND,BANDWIDTH CLASS A,Communication,0.04644,fcff
LOB,LIVE OAK BANCSHARES,Financials,0.04635,book
XERS,XERIS BIOPHARMA HOLDINGS,Health Care,0.04627,fcff
ENOV,ENOVIS CORP,Health Care,0.046,fcff
LKFN,LAKELAND FINANCIAL CORP,Financials,0.04575,book
FMC,FMC CORP,Materials,0.04571,fcff
AI,C3 AI INC CLASS A,Information Technology,0.04552,fcff
COUR,COURSERA,Consumer Discretionary,0.04551,fcff
GBX,GREENBRIER INC,Industrials,0.04539,fcff
HLX,HELIX ENERGY SOLUTIONS GROUP INC,Energy,0.04532,fcff
WD,WALKER &amp; DUNLOP INC,Financials,0.04508,book
SAM,BOSTON BEER CLASS A,Consumer Staples,0.04505,fcff
BKE,BUCKLE,Consumer Discretionary,0.04496,fcff
NVAX,NOVAVAX,Health Care,0.04477,fcff
ENR,ENERGIZER HOLDINGS INC,Consumer Staples,0.04452,fcff
NAT,NORDIC AMERICAN TANKERS LTD,Energy,0.04447,fcff
ASST,STRIVE INC CLASS A,Health Care,0.04444,fcff
AMPL,AMPLITUDE CLASS A,Information Technology,0.04442,fcff
AZTA,AZENTA,Health Care,0.04432,fcff
ARLO,ARLO TECHNOLOGIES,Information Technology,0.04424,fcff
ALNT,ALLIENT INC,Industrials,0.0442,fcff
DLO,DLOCAL CLASS A,Financials,0.04416,book
TSHA,TAYSHA GENE THERAPIES,Health Care,0.04413,fcff
SCL,STEPAN,Materials,0.04399,fcff
EYE,NATIONAL VISION HOLDINGS,Consumer Discretionary,0.04398,fcff
ORC,ORCHID ISLAND CAPITAL INC,Financials,0.04388,book
EPC,EDGEWELL PERSONAL CARE,Consumer Staples,0.04379,fcff
AMN,AMN HEALTHCARE,Health Care,0.04352,fcff
SCSC,SCANSOURCE,Information Technology,0.04347,fcff
JJSF,J AND J SNACK FOODS CORP,Consumer Staples,0.04345,fcff
ALH,ALLIANCE LAUNDRY HOLDINGS,Industrials,0.04344,fcff
MBIN,MERCHANTS BANCORP,Financials,0.04344,book
AMPX,AMPRIUS TECHNOLOGIES INC,Industrials,0.04339,fcff
ROCK,GIBRALTAR INDUSTRIES,Industrials,0.04339,fcff
GCT,GIGACLOUD TECHNOLOGY INC CLASS A,Consumer Discretionary,0.04336,fcff
INVX,INNOVEX INTERNATIONAL INC,Energy,0.04335,fcff
UMH,UMH PROPERTIES INC,Real Estate,0.04333,none
ALKT,ALKAMI TECHNOLOGY,Information Technology,0.04322,fcff
IE,IVANHOE ELECTRIC,Materials,0.04319,fcff
FLO,FLOWERS FOODS INC,Consumer Staples,0.04313,fcff
VISN,VISTANCE NETWORKS INC,Information Technology,0.04313,fcff
TMP,TOMPKINS FINANCIAL CORP,Financials,0.04305,book
BTDR,BITDEER TECHNOLOGIES GROUP CLASS A,Information Technology,0.04304,fcff
EFOR,EVERFORTH,Information Technology,0.04281,fcff
OMER,OMEROS,Health Care,0.04278,fcff
WEN,WENDYS,Consumer Discretionary,0.04272,fcff
AMSC,AMERICAN SUPERCONDUCTOR CORP,Industrials,0.04266,fcff
HLIT,HARMONIC,Information Technology,0.04266,fcff
WABC,WESTAMERICA BANCORPORATION,Financials,0.0426,book
PGEN,PRECIGEN,Health Care,0.04258,fcff
NBR,NABORS INDUSTRIES,Energy,0.04231,fcff
LZB,LA-Z-BOY INC,Consumer Discretionary,0.04217,fcff
CGEM,CULLINAN THERAPEUTICS,Health Care,0.04194,fcff
VIR,VIR BIOTECHNOLOGY,Health Care,0.04185,fcff
ZYME,ZYMEWORKS,Health Care,0.04182,fcff
USLM,UNITED STATES LIME AND MINERALS IN,Materials,0.04179,fcff
HYMC,HYCROFT MINING HOLDING CORP CLASS,Materials,0.04149,fcff
XPEL,XPEL,Consumer Discretionary,0.04125,fcff
WLDN,WILLDAN GROUP,Industrials,0.04111,fcff
HLF,HERBALIFE LTD,Consumer Staples,0.04086,fcff
CTBI,COMMUNITY TRUST BANCORP,Financials,0.04082,book
VYX,NCR VOYIX,Information Technology,0.04064,fcff
CBRL,CRACKER BARREL OLD COUNTRY STORE I,Consumer Discretionary,0.04062,fcff
THRM,GENTHERM,Consumer Discretionary,0.04043,fcff
BJRI,BJS RESTAURANTS INC,Consumer Discretionary,0.04024,fcff
BRBR,BELLRING BRANDS,Consumer Staples,0.04019,fcff
APPS,DIGITAL TURBINE,Information Technology,0.04017,fcff
CVI,CVR ENERGY INC,Energy,0.04016,fcff
NP,NEPTUNE INSURANCE HOLDINGS CLASS A,Financials,0.04013,book
OSBC,OLD SECOND BANCORP INC,Financials,0.04003,book
PNTG,PENNANT GROUP,Health Care,0.03998,fcff
HOG,HARLEY DAVIDSON,Consumer Discretionary,0.03986,fcff
CNXC,CONCENTRIX,Industrials,0.03983,fcff
TNC,TENNANT,Industrials,0.0397,fcff
MYE,MYERS INDUSTRIES INC,Materials,0.03956,fcff
GIII,G III APPAREL GROUP LTD,Consumer Discretionary,0.03946,fcff
SLVM,SYLVAMO CORP,Materials,0.03939,fcff
REAL,THE REALREAL,Consumer Discretionary,0.03938,fcff
REPL,REPLIMUNE GROUP,Health Care,0.03935,fcff
NEXT,NEXTDECADE,Energy,0.0393,fcff
IMKTA,INGLES MARKETS CLASS A,Consumer Staples,0.03918,fcff
ACVA,ACV AUCTIONS CLASS A,Industrials,0.03908,fcff
YELP,YELP,Communication,0.03904,fcff
CRI,CARTERS,Consumer Discretionary,0.03903,fcff
FMBH,FIRST MID BANCSHARES INC,Financials,0.03896,book
AORT,ARTIVION INC,Health Care,0.03891,fcff
NSSC,NAPCO SECURITY TECHNOLOGIES,Information Technology,0.03883,fcff
SHLS,SHOALS TECHNOLOGIES GROUP CLASS A,Industrials,0.03881,fcff
MNKD,MANNKIND,Health Care,0.03866,fcff
PDM,PIEDMONT REALTY TRUST CLASS A,Real Estate,0.03863,none
BY,BYLINE BANCORP INC,Financials,0.03848,book
UFCS,UNITED FIRE GROUP INC,Financials,0.03846,book
GBTG,GLOBAL BUSINESS TRAVEL GROUP CLASS,Consumer Discretionary,0.03844,fcff
HROW,HARROW,Health Care,0.03843,fcff
HFWA,HERITAGE FINANCIAL CORP,Financials,0.03838,book
PWP,PERELLA WEINBERG PARTNERS CLASS A,Financials,0.03837,book
ABSI,ABSCI CORP,Health Care,0.03824,fcff
DFIN,DONNELLEY FINANCIAL SOLUTIONS,Financials,0.03824,book
REX,REX AMERICAN RESOURCES,Energy,0.0382,fcff
USPH,US PHYSICAL THERAPY INC,Health Care,0.03814,fcff
LGIH,LGI HOMES,Consumer Discretionary,0.03796,fcff
PLGO,PELAGOS INSURANCE CAPITAL LTD,Financials,0.03796,book
TDOC,TELADOC HEALTH INC,Health Care,0.03792,fcff
ARX,ACCELERANT HOLDINGS CLASS A,Financials,0.03787,book
UVSP,UNIVEST FINANCIAL CORP,Financials,0.0376,book
UVV,UNIVERSAL,Consumer Staples,0.03751,fcff
LNN,LINDSAY,Industrials,0.03742,fcff
INBX,INHIBRX BIOSCIENCES INC,Health Care,0.03736,fcff
ATEC,ALPHATEC HOLDNGS,Health Care,0.03727,fcff
VSTS,VESTIS,Industrials,0.03726,fcff
PRCT,PROCEPT BIOROBOTICS,Health Care,0.03721,fcff
PSNL,PERSONALIS,Health Care,0.03714,fcff
AGL,AGILON HEALTH,Health Care,0.03699,fcff
VTOL,BRISTOW GROUP,Energy,0.03698,fcff
IART,INTEGRA LIFESCIENCES HOLDINGS,Health Care,0.03684,fcff
GO,GROCERY OUTLET HOLDING,Consumer Staples,0.03665,fcff
PD,PAGERDUTY,Information Technology,0.03655,fcff
BRSL,BRIGHTSTAR LOTTERY PLC,Consumer Discretionary,0.03651,fcff
VRTS,VIRTUS INVESTMENT PARTNERS,Financials,0.03645,book
AVBP,ARRIVENT BIOPHARMA,Health Care,0.03639,fcff
RYZ,RYERSON HOLDING,Materials,0.03634,fcff
WS,WORTHINGTON STEEL INC,Materials,0.03634,fcff
BHRB,BURKE HERBERT FINANCIAL SERVICES C,Financials,0.03631,book
OI,O I GLASS,Materials,0.03629,fcff
EOSE,EOS ENERGY ENTERPRISES CLASS A,Industrials,0.03619,fcff
AAT,AMERICAN ASSETS TRUST REIT,Real Estate,0.03604,none
TRIP,TRIPADVISOR,Communication,0.03604,fcff
UVE,UNIVERSAL INSURANCE HOLDINGS INC,Financials,0.03601,book
SDGR,SCHRODINGER INC,Health Care,0.03586,fcff
IDT,IDT CLASS B,Communication,0.03574,fcff
LADR,LADDER CAPITAL CORP CLASS A,Financials,0.03569,book
ECVT,ECOVYST,Materials,0.03564,fcff
DOLE,DOLE PLC,Consumer Staples,0.03555,fcff
ANAB,ANAPTYSBIO,Health Care,0.0355,fcff
PUMP,PROPETRO HOLDING,Energy,0.03514,fcff
CRAI,CRA INTERNATIONAL INC,Industrials,0.03514,fcff
MBWM,MERCANTILE BANK CORP,Financials,0.03505,book
SGRY,SURGERY PARTNERS,Health Care,0.03496,fcff
UMAC,UNUSUAL MACHINES INC,Information Technology,0.03496,fcff
UPWK,UPWORK,Industrials,0.03489,fcff
TRS,TRIMAS,Materials,0.0347,fcff
CBL,CBL ASSOCIATES PROPERTIES,Real Estate,0.03469,none
DEA,EASTERLY GOVERNMENT PROPERTIES INC,Real Estate,0.03458,none
NPKI,NPK INTERNATIONAL,Industrials,0.03445,fcff
KURA,KURA ONCOLOGY,Health Care,0.03438,fcff
DLX,DELUXE,Industrials,0.03437,fcff
NWPX,NWPX INFRASTRUCTURE INC,Industrials,0.03436,fcff
AMBQ,AMBIQ MICRO,Information Technology,0.03406,fcff
DMC,DEL MONTE,Consumer Staples,0.03404,fcff
LBRX,LB PHARMACEUTICALS INC,Health Care,0.03401,fcff
LILAK,LIBERTY LATIN AMERICA CLASS C,Communication,0.03399,fcff
AESI,ATLAS ENERGY SOLUTIONS,Energy,0.03396,fcff
MSEX,MIDDLESEX WATER,Utilities,0.03391,fcff
BORR,BORR DRILLING,Energy,0.03374,fcff
ATEX,ANTERIX,Communication,0.0337,fcff
UPBD,UPBOUND GROUP,Consumer Discretionary,0.03368,fcff
QNST,QUINSTREET INC,Communication,0.03365,fcff
SNDA,SONIDA SENIOR LIVING,Health Care,0.03356,fcff
MCB,METROPOLITAN BANK HOLDING CORP,Financials,0.03347,book
AVAH,AVEANNA HEALTHCARE HOLDINGS INC,Health Care,0.03341,fcff
MUX,MCEWEN INC,Materials,0.03338,fcff
VERX,VERTEX CLASS A,Information Technology,0.03335,fcff
PRSU,PURSUIT ATTRACTIONS AND HOSPITALIT,Consumer Discretionary,0.03325,fcff
UTZ,UTZ BRANDS INC CLASS A,Consumer Staples,0.03319,fcff
TRUP,TRUPANION,Financials,0.03317,book
GTM,ZOOMINFO TECHNOLOGIES,Communication,0.03316,fcff
BFST,BUSINESS FIRST BANCSHARES INC,Financials,0.0331,book
CFFN,CAPITOL FEDERAL FINANCIAL INC,Financials,0.03308,book
DEC,DIVERSIFIED ENERGY COMPANY,Energy,0.03305,fcff
CCNE,CNB FINANCIAL CORP,Financials,0.03304,book
HZO,MARINEMAX INC,Consumer Discretionary,0.03304,fcff
BCAX,BICARA THERAPEUTICS INC,Health Care,0.03299,fcff
TGLS,TECNOGLASS HOLDINGS,Industrials,0.03282,fcff
PLPC,PREFORMED LINE PRODUCTS,Industrials,0.03277,fcff
UTI,UNIVERSAL TECHNICAL INSTITUTE,Consumer Discretionary,0.03264,fcff
PCRX,PACIRA BIOSCIENCES,Health Care,0.03262,fcff
GPRE,GREEN PLAINS,Energy,0.03252,fcff
RUM,RUM GROUP CLASS A,Communication,0.03251,fcff
HBNC,HORIZON BANCORP INC,Financials,0.03248,book
CRK,COMSTOCK RESOURCES,Energy,0.03246,fcff
CNXN,PC CONNECTION INC,Information Technology,0.03244,fcff
QDEL,QUIDELORTHO CORP,Health Care,0.03243,fcff
UAA,UNDER ARMOUR INC CLASS A,Consumer Discretionary,0.03236,fcff
ASTE,ASTEC INDUSTRIES,Industrials,0.03212,fcff
CSTL,CASTLE BIOSCIENCES,Health Care,0.03206,fcff
COTY,COTY INC CLASS A,Consumer Staples,0.03199,fcff
CAC,CAMDEN NATIONAL CORP,Financials,0.03198,book
THFF,FIRST FINANCIAL CORPORATION CORP,Financials,0.03179,book
NBN,NORTHEAST BANK,Financials,0.03174,book
GLUE,MONTE ROSA THERAPEUTICS,Health Care,0.0316,fcff
ORIC,ORIC PHARMACEUTICALS,Health Care,0.03158,fcff
WINA,WINMARK,Consumer Discretionary,0.0315,fcff
FLNG,FLEX LNG,Energy,0.03144,fcff
KFRC,KFORCE,Industrials,0.03141,fcff
LQDT,LIQUIDITY SERVICES INC,Industrials,0.03141,fcff
CIM,CHIMERA INVESTMENT,Financials,0.03132,book
PLOW,DOUGLAS DYNAMICS INC,Industrials,0.03124,fcff
ASAN,ASANA CLASS A,Information Technology,0.03123,fcff
TRAX,FIRST TRACKS BIOTHERAPEUTICS INC,Health Care,0.03117,fcff
FMNB,FARMERS NATIONAL BANC CORP,Financials,0.03114,book
MAZE,MAZE THERAPEUTICS,Health Care,0.03093,fcff
AMAL,AMALGAMATED FINANCIAL CORP,Financials,0.03088,book
FSUN,FIRSTSUN CAPITAL BANCORP,Financials,0.03084,book
PMT,PENNYMAC MORTGAGE INVESTMENT TRUST,Financials,0.03083,book
CERT,CERTARA,Health Care,0.03082,fcff
SAH,SONIC AUTOMOTIVE INC CLASS A,Consumer Discretionary,0.0308,fcff
FCEL,FUELCELL ENERGY INC,Industrials,0.03074,fcff
CRVS,CORVUS PHARMACEUTICALS,Health Care,0.03073,fcff
RVLV,REVOLVE GROUP CLASS A,Consumer Discretionary,0.0307,fcff
FLNC,FLUENCE ENERGY INC CLASS A,Industrials,0.03056,fcff
TRST,TRUSTCO BANK CORP,Financials,0.03047,book
BW,BABCOCK AND WILCOX ENTERPRISES,Industrials,0.03047,fcff
NUTX,NUTEX HEALTH INC,Health Care,0.03045,fcff
CDRE,CADRE HOLDINGS INC,Industrials,0.03042,fcff
PCT,PURECYCLE TECHNOLOGIES,Materials,0.03019,fcff
RCAT,RED CAT HOLDINGS INC,Industrials,0.03018,fcff
AMTB,AMERANT BANCORP CLASS A,Financials,0.03008,book
EE,EXCELERATE ENERGY CLASS A,Energy,0.03,fcff
SMP,STANDARD MOTOR PRODUCTS INC,Consumer Discretionary,0.02974,fcff
ARDX,ARDELYX,Health Care,0.02969,fcff
SBSI,SOUTHSIDE BANCSHARES INC,Financials,0.02965,book
UTL,UNITIL CORP,Utilities,0.02946,fcff
CCO,CLEAR CHANNEL OUTDOOR HOLDINGS INC,Communication,0.02944,fcff
SVC,SERVICE PROPERTIES TRUST,Real Estate,0.02944,none
GHM,GRAHAM CORP,Industrials,0.02929,fcff
VOR,VOR BIOPHARMA,Health Care,0.02929,fcff
BLMN,BLOOMIN BRANDS INC,Consumer Discretionary,0.02929,fcff
STGW,STAGWELL CLASS A,Communication,0.02929,fcff
SMPL,THE SIMPLY GOOD FOODS COMPANY,Consumer Staples,0.02927,fcff
EIG,EMPLOYERS HOLDINGS,Financials,0.02927,book
GOLD,GOLD INC,Consumer Discretionary,0.02927,fcff
TYRA,TYRA BIOSCIENCES,Health Care,0.02909,fcff
BUR,BURFORD CAPITAL LTD,Financials,0.02906,book
SENEA,SENECA FOODS CLASS A,Consumer Staples,0.02904,fcff
ODC,OIL DRI CORPORATION OF AMERICA,Consumer Staples,0.02894,fcff
ANRO,ALTO NEUROSCIENCE INC,Health Care,0.02893,fcff
MFA,MFA FINANCIAL,Financials,0.02868,book
CSR,CENTERSPACE,Real Estate,0.02867,none
RPD,RAPID7,Information Technology,0.02867,fcff
WMK,WEIS MARKETS,Consumer Staples,0.02862,fcff
NBBK,NB BANCORP INC,Financials,0.0286,book
NX,QUANEX BUILDING PRODUCTS CORP,Industrials,0.02857,fcff
ZBIO,ZENAS BIOPHARMA,Health Care,0.02853,fcff
CXM,SPRINKLR CLASS A,Information Technology,0.02848,fcff
PLSE,PULSE BIOSCIENCES INC,Health Care,0.02838,fcff
FOXF,FOX FACTORY HOLDING,Consumer Discretionary,0.02834,fcff
TTI,TETRA TECHNOLOGIES,Energy,0.02828,fcff
HAFC,HANMI FINANCIAL CORP,Financials,0.02823,book
SAFE,SAFEHOLD INC,Real Estate,0.02817,none
LWLG,LIGHTWAVE LOGIC,Information Technology,0.02801,fcff
FISI,FINANCIAL INSTITUTIONS INC,Financials,0.02799,book
MRVI,MARAVAI LIFESCIENCES HOLDINGS INC,Health Care,0.02793,fcff
SXC,SUNCOKE ENERGY INC,Materials,0.02792,fcff
TDAY,USA TODAY INC,Communication,0.02759,fcff
SEPN,SEPTERNA,Health Care,0.02757,fcff
APOG,APOGEE ENTERPRISES INC,Industrials,0.02756,fcff
FET,FORUM ENERGY TECHNOLOGIES INC,Energy,0.02754,fcff
WGO,WINNEBAGO INDUSTRIES,Consumer Discretionary,0.02753,fcff
HRTG,HERITAGE INSURANCE HOLDINGS INC,Financials,0.02747,book
RIGL,RIGEL PHARMACEUTICALS,Health Care,0.02744,fcff
MITK,MITEK SYSTEMS INC,Information Technology,0.02741,fcff
EVLV,EVOLV TECHNOLOGIES HOLDINGS CLASS,Information Technology,0.0273,fcff
KOP,KOPPERS HOLDINGS INC,Materials,0.02725,fcff
UA,UNDER ARMOUR INC CLASS C,Consumer Discretionary,0.0272,fcff
CPF,CENTRAL PACIFIC FINANCIAL CORP,Financials,0.02714,book
EQBK,EQUITY BANCSHARES INC CLASS A,Financials,0.02713,book
ORRF,ORRSTOWN FINANCIAL SERVICES INC,Financials,0.0271,book
BLZE,BACKBLAZE INC CLASS A,Information Technology,0.02707,fcff
GNK,GENCO SHIPPING AND TRADING,Industrials,0.02705,fcff
TE,T1 ENERGY,Information Technology,0.027,fcff
DJCO,DAILY JOURNAL,Information Technology,0.02699,fcff
OMDA,OMADA HEALTH,Health Care,0.02699,fcff
GCMG,GCM GROSVENOR CLASS A,Financials,0.02697,book
SIBN,SI BONE,Health Care,0.02683,fcff
MRTN,MARTEN TRANSPORT,Industrials,0.02679,fcff
GERN,GERON,Health Care,0.02678,fcff
APEI,AMERICAN PUBLIC EDUCATION,Consumer Discretionary,0.02676,fcff
RDVT,RED VIOLET INC,Information Technology,0.02675,fcff
PRKS,UNITED PARKS AND RESORTS,Consumer Discretionary,0.02669,fcff
ADAM,ADAMAS,Financials,0.02662,book
COLL,COLLEGIUM PHARMACEUTICAL INC,Health Care,0.02661,fcff
CADL,CANDEL THERAPEUTICS INC,Health Care,0.02643,fcff
MCBS,METROCITY BANKSHARES INC,Financials,0.02642,book
MGTX,MEIRAGTX HOLDINGS PLC,Health Care,0.02633,fcff
ESQ,ESQUIRE FINANCIAL HOLDINGS INC,Financials,0.02626,book
AVTX,AVALO THERAPEUTICS,Health Care,0.02623,fcff
RBCAA,REPUBLIC BANCORP INC CLASS A,Financials,0.02618,book
BBSI,BARRETT BUSINESS SERVICES INC,Industrials,0.02617,fcff
GLIBK,LIBERTY CAPITAL SERIES C,Communication,0.02611,fcff
LIF,LIFE360,Information Technology,0.02604,fcff
FG,F&amp;G ANNUITIES AND LIFE INC,Financials,0.02597,book
BZH,BEAZER HOMES,Consumer Discretionary,0.02596,fcff
NPK,NATIONAL PRESTO INDUSTRIES INC,Industrials,0.02595,fcff
FCBC,FIRST COMMUNITY BANKSHARES INC,Financials,0.0258,book
INDI,INDIE SEMICONDUCTOR INC CLASS A,Information Technology,0.02579,fcff
SVRA,SAVARA,Health Care,0.02579,fcff
OLMA,OLEMA PHARMACEUTICALS,Health Care,0.02574,fcff
BBNX,BETA BIONICS,Health Care,0.02566,fcff
ALRS,ALERUS FINANCIAL CORP,Financials,0.02562,book
TRNS,TRANSCAT,Industrials,0.02552,fcff
ABUS,ARBUTUS BIOPHARMA CORP,Health Care,0.02552,fcff
NVGS,NAVIGATOR HOLDINGS,Energy,0.02549,fcff
BV,BRIGHTVIEW HOLDINGS,Industrials,0.02548,fcff
PAR,PAR TECHNOLOGY,Information Technology,0.02547,fcff
CYRX,CRYOPORT,Health Care,0.02543,fcff
BKSY,BLACKSKY TECHNOLOGY CLASS A,Industrials,0.02541,fcff
PAHC,PHIBRO ANIMAL HEALTH CORP CLASS A,Health Care,0.02532,fcff
EGBN,EAGLE BANCORP,Financials,0.02527,book
KOPN,KOPIN CORP,Information Technology,0.02525,fcff
CODI,COMPASS DIVERSIFIED,Financials,0.02524,book
PZZA,PAPA JOHNS INTERNATIONAL INC,Consumer Discretionary,0.02518,fcff
CMP,COMPASS MINERALS INTERNATIONAL,Materials,0.02515,fcff
SMBK,SMARTFINANCIAL INC,Financials,0.02512,book
SHBI,SHORE BANCSHARES INC,Financials,0.0251,book
MPB,MID PENN BANCORP INC,Financials,0.02501,book
NNE,NANO NUCLEAR ENERGY,Industrials,0.02495,fcff
JANX,JANUX THERAPEUTICS,Health Care,0.0249,fcff
AIP,ARTERIS INC,Information Technology,0.02489,fcff
WASH,WASHINGTON TRUST BANCORP INC,Financials,0.02486,book
BKV,BKV,Energy,0.02483,fcff
VREX,VAREX IMAGING,Health Care,0.02482,fcff
ANNX,ANNEXON,Health Care,0.02473,fcff
FIZZ,NATIONAL BEVERAGE,Consumer Staples,0.02472,fcff
CASS,CASS INFORMATION SYSTEMS INC,Financials,0.02471,book
FSBC,FIVE STAR BANCORP,Financials,0.02468,book
LINC,LINCOLN EDUCATIONAL SERVICES CORP,Consumer Discretionary,0.02458,fcff
SLDB,SOLID BIOSCIENCES INC,Health Care,0.02457,fcff
ABR,ARBOR REALTY TRUST REIT,Financials,0.02457,book
FWRG,FIRST WATCH RESTAURANT GROUP,Consumer Discretionary,0.0245,fcff
DAKT,DAKTRONICS INC,Information Technology,0.02444,fcff
VPG,VISHAY PRECISION GROUP,Information Technology,0.02438,fcff
TH,TARGET HOSPITALITY,Consumer Discretionary,0.02434,fcff
SABR,SABRE,Consumer Discretionary,0.02434,fcff
GDOT,GREEN DOT CLASS A,Financials,0.02416,book
CEVA,CEVA,Information Technology,0.02411,fcff
DRVN,DRIVEN BRANDS HOLDINGS,Consumer Discretionary,0.02411,fcff
WOLF,WOLFSPEED INC,Information Technology,0.02395,fcff
STAA,STAAR SURGICAL,Health Care,0.02393,fcff
PAX,PATRIA INVESTMENTS LTD CLASS A,Financials,0.02387,book
FLOC,FLOWCO HOLDINGS CLASS A,Energy,0.02387,fcff
PGC,PEAPACK GLADSTONE FINANCIAL CORP,Financials,0.02383,book
LZ,LEGALZOOM COM,Industrials,0.02382,fcff
SG,SWEETGREEN INC CLASS A,Consumer Discretionary,0.0236,fcff
ROOT,ROOT INC CLASS A,Financials,0.0236,book
TK,TEEKAY CORPORATION CORP LTD,Energy,0.02358,fcff
MMI,MARCUS &amp; MILLICHAP INC,Real Estate,0.02357,none
CCBG,CAPITAL CITY BANK INC,Financials,0.02354,book
PRAA,PRA GROUP INC,Financials,0.02351,book
KLRA,KAILERA THERAPEUTICS INC,Health Care,0.02338,fcff
MLR,MILLER INDUSTRIES INC,Industrials,0.02332,fcff
RUSHB,RUSH ENTERPRISES CLASS B,Industrials,0.02329,fcff
CARE,CARTER BANKSHARES INC,Financials,0.02328,book
JBGS,JBG SMITH PROPERTIES,Real Estate,0.02326,none
SMBC,SOUTHERN MISSOURI BANCORP INC,Financials,0.02319,book
CTO,CTO REALTY GROWTH INC,Real Estate,0.02316,none
SANA,SANA BIOTECHNOLOGY,Health Care,0.02314,fcff
EVER,EVERQUOTE CLASS A,Communication,0.02312,fcff
IRMD,IRADIMED,Health Care,0.02312,fcff
AVO,MISSION PRODUCE INC,Consumer Staples,0.02309,fcff
IBCP,INDEPENDENT BANK CORP,Financials,0.02307,book
AMRC,AMERESCO INC CLASS A,Industrials,0.02306,fcff
MTUS,METALLUS INC,Materials,0.02299,fcff
HSTM,HEALTHSTREAM,Health Care,0.02292,fcff
AMBP,ARDAGH METAL PACKAGING SA,Materials,0.02291,fcff
AVR,ANTERIS TECHNOLOGIES GLOBAL CORP,Health Care,0.02289,fcff
PFBC,PREFERRED BANK,Financials,0.02287,book
CMRE,COSTAMARE,Industrials,0.02287,fcff
AMPH,AMPHASTAR PHARMACEUTICALS,Health Care,0.02285,fcff
ACRS,ACLARIS THERAPEUTICS,Health Care,0.02278,fcff
BHB,BAR HARBOR BANKSHARES,Financials,0.02274,book
HPP,HUDSON PACIFIC PROPERTIES REIT,Real Estate,0.02273,none
HTB,HOMETRUST BANCSHARES INC,Financials,0.02245,book
IVR,INVESCO MORTGAGE CAPITAL REIT INC,Financials,0.0224,book
MTW,MANITOWOC INC,Industrials,0.0223,fcff
CLVT,CLARIVATE PLC,Industrials,0.02226,fcff
PFIS,PEOPLES FINANCIAL SERVICES CORP,Financials,0.02226,book
WVE,WAVE LIFE SCIENCES INC,Health Care,0.02221,fcff
PTRN,PATTERN GROUP SERIES A,Consumer Discretionary,0.02219,fcff
CCSI,CONSENSUS CLOUD SOLUTIONS INC,Information Technology,0.02208,fcff
DC,DAKOTA GOLD CORP,Materials,0.02202,fcff
NHP,NATIONAL HEALTHCARE PROPERTIES CLA,Real Estate,0.022,none
TCBX,THIRD COAST BANCSHARES INC,Financials,0.022,book
ELE,ELEMENTAL ROYALTY CORP,Materials,0.022,fcff
MLAB,MESA LABORATORIES,Health Care,0.02196,fcff
TBPH,THERAVANCE BIOPHARMA,Health Care,0.02194,fcff
ACNB,ACNB CORP,Financials,0.02189,book
AROW,ARROW FINANCIAL CORP,Financials,0.0218,book
KMTS,KESTRA MEDICAL TECHNOLOGIES,Health Care,0.02177,fcff
JBIO,JADE BIOSCIENCES,Health Care,0.02175,fcff
BETA,BETA TECHNOLOGIES CLASS A,Industrials,0.02169,fcff
ZVRA,ZEVRA THERAPEUTICS INC,Health Care,0.02159,fcff
IRWD,IRONWOOD PHARMA CLASS A,Health Care,0.02156,fcff
MCS,THE MARCUS CORP,Communication,0.02154,fcff
FDMT,4D MOLECULAR THERAPEUTICS INC,Health Care,0.02154,fcff
SPFI,SOUTH PLAINS FINANCIAL INC,Financials,0.02151,book
GRDN,GUARDIAN PHARMACY SERVICES CLASS A,Health Care,0.02146,fcff
HIPO,HIPPO HOLDINGS,Financials,0.02139,book
VRRM,VERRA MOBILITY CLASS A,Industrials,0.02134,fcff
PUBM,PUBMATIC CLASS A,Communication,0.02133,fcff
MATV,MATIV HOLDINGS,Materials,0.02132,fcff
BVS,BIOVENTUS CLASS A,Health Care,0.02124,fcff
ESRT,EMPIRE STATE REALTY REIT CLASS A,Real Estate,0.02123,none
HELE,HELEN OF TROY LTD,Consumer Discretionary,0.0212,fcff
ENVX,ENOVIX,Industrials,0.02119,fcff
ARRY,ARRAY TECHNOLOGIES INC,Industrials,0.021,fcff
LCID,LUCID GROUP,Consumer Discretionary,0.02096,fcff
RES,RPC INC,Energy,0.02096,fcff
FBRT,FRANKLIN BSP REALTY TRUST INC,Financials,0.02092,book
JBI,JANUS INTERNATIONAL GROUP,Industrials,0.02084,fcff
INN,SUMMIT HOTEL PROPERTIES REIT INC,Real Estate,0.02079,none
CBLL,CERIBELL,Health Care,0.02077,fcff
UAMY,UNITED STATES ANTIMONY CORP,Materials,0.02074,fcff
LYTS,LSI INDUSTRIES INC,Industrials,0.02074,fcff
SPT,SPROUT SOCIAL CLASS A,Information Technology,0.02065,fcff
MSBI,MIDLAND STATES BANCORP INC,Financials,0.02062,book
MEI,METHODE ELECTRONICS,Information Technology,0.02058,fcff
TROX,TRONOX HOLDINGS PLC,Materials,0.02058,fcff
CWBC,COMMUNITY WEST BANCSHARES,Financials,0.02058,book
PSTL,POSTAL REALTY TRUST CLASS A,Real Estate,0.02057,none
CCB,COASTAL FINANCIAL CORP,Financials,0.02052,book
CSIQ,CANADIAN SOLAR,Information Technology,0.02049,fcff
ZGN,ERMENEGILDO ZEGNA NV,Consumer Discretionary,0.02047,fcff
CDNL,CARDINAL INFRASTRUCTURE GROUP INC,Industrials,0.02046,fcff
GOOD,GLADSTONE COMMERCIAL REIT CORP,Real Estate,0.02044,none
GSBC,GREAT SOUTHERN BANCORP INC,Financials,0.02037,book
MATW,MATTHEWS INTERNATIONAL CORP CLASS,Consumer Discretionary,0.02029,fcff
CLDT,CHATHAM LODGING TRUST REIT,Real Estate,0.02019,none
OSPN,ONESPAN,Information Technology,0.02018,fcff
MCHB,MECHANICS BANCORP CLASS A,Financials,0.02008,book
CNNE,CANNAE HOLDINGS INC,Financials,0.02003,book
SBGI,SINCLAIR CLASS A,Communication,0.01985,fcff
LXU,LSB INDUSTRIES,Materials,0.01983,fcff
ACHV,ACHIEVE LIFE SCIENCES,Health Care,0.01978,fcff
BOW,BOWHEAD SPECIALTY HOLDINGS,Financials,0.01978,book
LPTH,LIGHTPATH TECHNOLOGIES INC CLASS A,Information Technology,0.01972,fcff
CRMD,CORMEDIX,Health Care,0.01971,fcff
HOV,HOVNANIAN ENTERPRISES CLASS A,Consumer Discretionary,0.01968,fcff
PHR,PHREESIA,Health Care,0.01967,fcff
KRNY,KEARNY FINANCIAL CORP,Financials,0.01967,book
ALT,ALTIMMUNE INC,Health Care,0.01966,fcff
SCHL,SCHOLASTIC,Communication,0.01966,fcff
ASC,ARDMORE SHIPPING CORP,Energy,0.01965,fcff
ALX,ALEXANDERS REIT INC,Real Estate,0.01961,none
AOSL,ALPHA AND OMEGA SEMICONDUCTOR,Information Technology,0.01958,fcff
BXC,BLUELINX HOLDINGS,Industrials,0.01958,fcff
MAMA,MAMAS CREATIONS INC,Consumer Staples,0.01949,fcff
NAVI,NAVIENT,Financials,0.01944,book
WLFC,WILLIS LEASE FINANCE,Industrials,0.01944,fcff
SHEN,SHENANDOAH TELECOMMUNICATIONS,Communication,0.01943,fcff
ACEL,ACCEL ENTERTAINMENT INC CLASS A,Consumer Discretionary,0.01938,fcff
SGMT,SAGIMET BIOSCIENCES SERIES A,Health Care,0.01935,fcff
CIVB,CIVISTA BANCSHARES INC,Financials,0.01934,book
MNTN,MNTN CLASS A,Communication,0.01929,fcff
KODK,EASTMAN KODAK,Information Technology,0.01926,fcff
CRSR,CORSAIR GAMING INC,Information Technology,0.01926,fcff
BWMN,BOWMAN CONSULTING GROUP,Industrials,0.01912,fcff
JBSS,JOHN B SANFILIPPO AND SON,Consumer Staples,0.01912,fcff
SOC,SABLE OFFSHORE CLASS A,Energy,0.01909,fcff
FBIZ,FIRST BUSINESS FINANCIAL SERVICES,Financials,0.01908,book
REPX,RILEY EXPLORATION PERMIAN INC,Energy,0.01908,fcff
AHCO,ADAPTHEALTH,Health Care,0.01903,fcff
EGY,VAALCO ENERGY INC,Energy,0.019,fcff
OPK,OPKO HEALTH,Health Care,0.01899,fcff
ADTN,ADTRAN HOLDINGS INC,Information Technology,0.01899,fcff
PKE,PARK AEROSPACE CORP,Industrials,0.01895,fcff
NRIM,NORTHRIM BANCORP INC,Financials,0.01895,book
ANGO,ANGIODYNAMICS,Health Care,0.01889,fcff
PAYS,PAYSIGN INC,Financials,0.01888,book
GIC,GLOBAL INDUSTRIAL,Industrials,0.01886,fcff
YEXT,YEXT,Information Technology,0.01883,fcff
SFST,SOUTHERN FIRST BANCSHARES INC,Financials,0.01883,book
NB,NIOCORP DEVELOPMENTS,Materials,0.01882,fcff
ALOY,REALLOYS INC,Materials,0.01878,fcff
METC,RAMACO RESOURCES INC CLASS A,Materials,0.01875,fcff
NVRI,ENVIRI CORP,Industrials,0.01871,fcff
ONT,ONTERRIS,Industrials,0.01856,fcff
MMED,MINIMED INC,Health Care,0.01852,fcff
AVLN,AVALYN PHARMA INC,Health Care,0.0185,fcff
CLB,CORE LABORATORIES,Energy,0.01837,fcff
IIIN,INSTEEL INDUSTRIES INC,Industrials,0.01835,fcff
SWBI,SMITH WESSON BRANDS INC,Consumer Discretionary,0.01835,fcff
HBT,HBT FINANCIAL INC,Financials,0.01834,book
BRSP,BRIGHTSPIRE CAPITAL CLASS A,Financials,0.0183,book
FOR,FORESTAR GROUP INC,Real Estate,0.01827,none
VSTM,VERASTEM INC,Health Care,0.01827,fcff
IMMX,IMMIX BIOPHARMA,Health Care,0.01823,fcff
HNRG,HALLADOR ENERGY,Utilities,0.0182,fcff
KE,KIMBALL ELECTRONICS INC,Information Technology,0.01816,fcff
CTKB,CYTEK BIOSCIENCES,Health Care,0.01814,fcff
CTMX,CYTOMX THERAPEUTICS,Health Care,0.01811,fcff
ODD,ODDITY TECH CLASS A,Consumer Staples,0.01809,fcff
ETD,ETHAN ALLEN INTERIORS,Consumer Discretionary,0.01808,fcff
CTOS,CUSTOM TRUCK ONE SOURCE,Industrials,0.01806,fcff
RWT,REDWOOD TRUST REIT,Financials,0.01804,book
VTS,VITESSE ENERGY INC,Energy,0.01794,fcff
OOMA,OOMA,Information Technology,0.01793,fcff
EBF,ENNIS INC,Industrials,0.01791,fcff
CARS,CARS.COM INC,Communication,0.01781,fcff
TRTX,TPG RE FINANCE TRUST INC,Financials,0.01779,book
NTGR,NETGEAR,Information Technology,0.01779,fcff
AMSF,AMERISAFE INC,Financials,0.01777,book
LXRX,LEXICON PHARMACEUTICALS,Health Care,0.01773,fcff
NXRT,NEXPOINT RESIDENTIAL TRUST INC,Real Estate,0.01762,none
CVLG,COVENANT LOGISTICS GROUP INC CLASS,Industrials,0.01761,fcff
BCAL,CALIFORNIA BANCORP,Financials,0.01755,book
RHLD,RESOLUTE HOLDINGS MANAGEMENT INC,Industrials,0.01752,fcff
UHT,UNIVERSAL HEALTH REALTY INCOME TRU,Real Estate,0.01751,none
MDXG,MIMEDX GROUP,Health Care,0.01747,fcff
OXM,OXFORD INDUSTRIES INC,Consumer Discretionary,0.01746,fcff
ARVN,ARVINAS,Health Care,0.01743,fcff
AKTS,AKTIS ONCOLOGY INC,Health Care,0.01739,fcff
DRUG,BRIGHT MINDS BIOSCIENCES,Health Care,0.01734,fcff
XMAX,XMAX INC,Consumer Discretionary,0.01734,fcff
AQST,AQUESTIVE THERAPEUTICS,Health Care,0.01733,fcff
GDYN,GRID DYNAMICS HOLDINGS CLASS A,Information Technology,0.01731,fcff
GEFB,GREIF INC CLASS B,Materials,0.01725,fcff
RYAM,RAYONIER ADVANCED MATERIALS,Materials,0.01719,fcff
HNST,THE HONEST COMPANY,Consumer Staples,0.01713,fcff
WNC,WABASH NATIONAL,Industrials,0.01713,fcff
MOV,MOVADO GROUP INC,Consumer Discretionary,0.01712,fcff
ALLO,ALLOGENE THERAPEUTICS,Health Care,0.01711,fcff
KELYA,KELLY SERVICES INC CLASS A,Industrials,0.01704,fcff
NXDR,NEXTDOOR HOLDINGS CLASS A,Communication,0.01701,fcff
TCMD,TACTILE SYSTEMS TECHNOLOGY,Health Care,0.01698,fcff
MBUU,MALIBU BOATS CLASS A INC,Consumer Discretionary,0.01697,fcff
BDN,BRANDYWINE REALTY TRUST REIT,Real Estate,0.0169,none
CERS,CERUS CORP,Health Care,0.01682,fcff
EVH,EVOLENT HEALTH CLASS A,Health Care,0.01682,fcff
HBCP,HOME BANCORP INC,Financials,0.01677,book
URG,UR ENERGY INC,Energy,0.01674,fcff
EOLS,EVOLUS INC,Health Care,0.01673,fcff
RRBI,RED RIVER BANCSHARES INC,Financials,0.01667,book
EVC,ENTRAVISION COMMUNICATIONS CORP CL,Communication,0.01665,fcff
BSRR,SIERRA BANCORP,Financials,0.01665,book
RPC,RIDGEPOST CAPITAL INC CLASS A,Financials,0.01664,book
NMAX,NEWSMAX CLASS B,Communication,0.01663,fcff
CAPR,CAPRICOR THERAPEUTICS,Health Care,0.01645,fcff
AHRT,AH REALTY INC,Real Estate,0.01643,none
CMCO,COLUMBUS MCKINNON CORP,Industrials,0.01637,fcff
RGR,STURM RUGER,Consumer Discretionary,0.01634,fcff
CLYM,CLIMB BIO INC,Health Care,0.01632,fcff
MNPR,MONOPAR THERAPEUTICS,Health Care,0.01627,fcff
FMAO,FARMERS AND MERCHANTS BANCORP INC,Financials,0.01624,book
COFS,CHOICEONE FINANCIAL SERVICES INC,Financials,0.01623,book
JCAP,JEFFERSON CAPITAL INC,Financials,0.0161,book
YORW,YORK WATER,Utilities,0.01605,fcff
NVEC,NVE CORP,Information Technology,0.01591,fcff
CTGO,CONTANGO SILVER AND GOLD INC,Materials,0.01585,fcff
HIFS,HINGHAM INSTITUTION FOR SAVINGS,Financials,0.01584,book
HSHP,HIMALAYA SHIPPING LTD,Industrials,0.01571,fcff
OBT,ORANGE COUNTY BANCORP INC,Financials,0.01568,book
CSV,CARRIAGE SERVICES INC,Consumer Discretionary,0.01568,fcff
CLMB,CLIMB GLOBAL SOLUTIONS INC,Information Technology,0.01566,fcff
GSM,FERROGLOBE PLC,Materials,0.01566,fcff
IDR,IDAHO STRATEGIC RESOURCES INC,Materials,0.01566,fcff
OIS,OIL STATES INTERNATIONAL,Energy,0.01565,fcff
TBLA,TABOOLA.COM LTD,Communication,0.01564,fcff
WEAV,WEAVE COMMUNICATIONS,Information Technology,0.01563,fcff
CRML,CRITICAL METALS CORP,Materials,0.01557,fcff
NRGV,ENERGY VAULT HOLDINGS,Industrials,0.01556,fcff
TIPT,TIPTREE INC,Financials,0.01547,book
WRLD,WORLD ACCEPTANCE CORP,Financials,0.01541,book
XRN,CHIRON REAL ESTATE INC,Real Estate,0.01535,none
DDD,3D SYSTEMS CORP,Industrials,0.01531,fcff
OABI,OMNIAB INC,Health Care,0.0153,fcff
WTBA,WEST BANCORPORATION INC,Financials,0.01526,book
SLDP,SOLID POWER CLASS A,Consumer Discretionary,0.0152,fcff
ARHS,ARHAUS CLASS A,Consumer Discretionary,0.01519,fcff
SB,SAFE BULKERS INC,Industrials,0.01519,fcff
DCTH,DELCATH SYS INC,Health Care,0.01515,fcff
ATLC,ATLANTICUS HOLDINGS CORP,Financials,0.01512,book
STLN,STARLING ONCOLOGY,Health Care,0.01512,fcff
DSGN,DESIGN THERAPEUTICS,Health Care,0.01511,fcff
ILPT,INDUSTRIAL LOGISTICS PROPERTIES TR,Real Estate,0.01511,none
PKOH,PARK OHIO HOLDINGS CORP,Industrials,0.01506,fcff
CPS,COOPER STANDARD HOLDINGS,Consumer Discretionary,0.01505,fcff
RGNX,REGENXBIO,Health Care,0.01503,fcff
RBB,RBB BANCORP,Financials,0.01494,book
HTLD,HEARTLAND EXPRESS INC,Industrials,0.01489,fcff
BWB,BRIDGEWATER BANCSHARES INC,Financials,0.01487,book
GRPN,GROUPON,Consumer Discretionary,0.01487,fcff
CCOI,COGENT COMMUNICATIONS HOLDINGS,Communication,0.01484,fcff
REAX,REAL REMAX GROUP,Real Estate,0.0148,none
BTBT,BIT DIGITAL,Information Technology,0.01479,fcff
AEBI,AEBI SCHMIDT HOLDING AG,Industrials,0.01472,fcff
SATL,SATELLOGIC CLASS A,Industrials,0.01468,fcff
LMB,LIMBACH HOLDINGS INC,Industrials,0.01465,fcff
UNTY,UNITY BANCORP INC,Financials,0.01459,book
SD,SANDRIDGE ENERGY INC,Energy,0.01449,fcff
BWFG,BANKWELL FINANCIAL GROUP INC,Financials,0.01449,book
ASPI,ASP ISOTOPES,Materials,0.01446,fcff
ITIC,INVESTORS TITLE,Financials,0.01441,book
HYLN,HYLIION HOLDINGS CORP,Industrials,0.0144,fcff
PHAT,PHATHOM PHARMACEUTICALS,Health Care,0.01438,fcff
CZNC,CITIZENS AND NORTHERN CORP,Financials,0.01434,book
LXFR,LUXFER HOLDINGS PLC,Industrials,0.0143,fcff
CBAN,COLONY BANKCORP INC,Financials,0.01427,book
CWCO,CONSOLIDATED WATER LTD,Utilities,0.01421,fcff
ASIX,ADVANSIX,Materials,0.01417,fcff
AEVA,AEVA TECHNOLOGIES,Information Technology,0.01415,fcff
OCGN,OCUGEN,Health Care,0.0141,fcff
DIN,DINE BRANDS GLOBAL,Consumer Discretionary,0.01404,fcff
CLPT,CLEARPOINT NEURO INC,Health Care,0.01403,fcff
OLP,ONE LIBERTY PROPERTIES REIT INC,Real Estate,0.01397,none
CENT,CENTRAL GARDEN AND PET,Consumer Staples,0.01392,fcff
GTN,GRAY MEDIA INC,Communication,0.01392,fcff
LOCO,EL POLLO LOCO INC,Consumer Discretionary,0.01389,fcff
CTNM,CONTINEUM THERAPEUTICS CLASS A,Health Care,0.01389,fcff
GLRE,GREENLIGHT CAPITAL LTD CLASS A,Financials,0.01382,book
CMCL,CALEDONIA MINING PLC,Materials,0.01379,fcff
PLBC,PLUMAS BANCORP,Financials,0.01377,book
CBNK,CAPITAL BANCORP INC,Financials,0.01374,book
FPI,FARMLAND PARTNERS INC,Real Estate,0.01373,none
DGICA,DONEGAL GROUP INC CLASS A,Financials,0.0137,book
TATT,TAT TECHNOLOGIES LTD,Industrials,0.01367,fcff
CHCT,COMMUNITY HEALTHCARE TRUST INC,Real Estate,0.01365,none
BFS,SAUL CENTERS REIT INC,Real Estate,0.01362,none
KRT,KARAT PACKAGING INC,Industrials,0.0136,fcff
IMXI,INTERNATIONAL MONEY EXPRESS INC,Financials,0.0136,book
STTK,SHATTUCK LABS INC,Health Care,0.01357,fcff
MCFT,MASTERCRAFT BOAT HOLDINGS INC,Consumer Discretionary,0.01347,fcff
AMCX,AMC GLOBAL MEDIA CLASS A,Communication,0.01343,fcff
FRST,PRIMIS FINANCIAL CORP,Financials,0.01339,book
CAL,CALERES INC,Consumer Discretionary,0.01337,fcff
OVID,OVID THERAPEUTICS,Health Care,0.01332,fcff
PRTA,PROTHENA PLC,Health Care,0.01331,fcff
DFH,DREAM FINDERS HOMES INC CLASS A,Consumer Discretionary,0.01327,fcff
NGNE,NEUROGENE,Health Care,0.01327,fcff
GRND,GRINDR INC,Communication,0.01326,fcff
ARCT,ARCTURUS THERAPEUTICS HOLDINGS INC,Health Care,0.01325,fcff
IPI,INTREPID POTASH INC,Materials,0.01324,fcff
AGNT,AGNT,Real Estate,0.0132,none
ACCO,ACCO BRANDS CORP,Industrials,0.01317,fcff
FEIM,FREQUENCY ELECTRONICS INC,Information Technology,0.01309,fcff
MAGN,MAGNERA,Materials,0.01309,fcff
PBYI,PUMA BIOTECHNOLOGY INC,Health Care,0.01306,fcff
VLGEA,VILLAGE SUPER MARKET INC CLASS A,Consumer Staples,0.01298,fcff
CWH,CAMPING WORLD HOLDINGS INC CLASS A,Consumer Discretionary,0.01292,fcff
RLMD,RELMADA THERAPEUTICS INC,Health Care,0.01291,fcff
MAX,MEDIAALPHA CLASS A,Communication,0.0129,fcff
BMRC,BANK OF MARIN BANCORP,Financials,0.0129,book
ISTR,INVESTAR HOLDING CORP,Financials,0.0129,book
SRTA,STRATA CRITICAL MEDICAL CLASS A,Health Care,0.01288,fcff
KIDS,ORTHOPEDIATRICS CORP,Health Care,0.01287,fcff
FNLC,FIRST BANCORP INC,Financials,0.01286,book
SPIR,SPIRE GLOBAL CLASS A,Industrials,0.01285,fcff
PKBK,PARKE BANCORP INC,Financials,0.01284,book
FRBA,FIRST BANK,Financials,0.01281,book
BATRA,ATLANTA BRAVES HOLDINGS SERIES A,Communication,0.01281,fcff
ERII,ENERGY RECOVERY,Industrials,0.0128,fcff
KREF,KKR REAL ESTATE FINANCE INC TRUST,Financials,0.01278,book
PDLB,PONCE FINANCIAL GROUP INC,Financials,0.01277,book
CTEV,CLARITEV CORP CLASS A,Health Care,0.01276,fcff
NVCT,NUVECTIS PHARMA INC,Health Care,0.01271,fcff
IBEX,IBEX LTD,Industrials,0.0127,fcff
SVV,SAVERS VALUE VILLAGE,Consumer Discretionary,0.01268,fcff
HVT,HAVERTY FURNITURE COMPANIES INC,Consumer Discretionary,0.01266,fcff
PACB,PACIFIC BIOSCIENCES OF CALIFORNIA,Health Care,0.01261,fcff
AIOT,POWERFLEET,Information Technology,0.01254,fcff
NGS,NATURAL GAS SERVICES GROUP,Energy,0.01253,fcff
CYH,COMMUNITY HEALTH SYSTEMS INC,Health Care,0.01252,fcff
VITL,VITAL FARMS INC,Consumer Staples,0.0125,fcff
FWRD,FORWARD AIR CORP,Industrials,0.01249,fcff
GEVO,GEVO,Energy,0.01246,fcff
TTAM,TITAN AMERICA SA,Materials,0.01244,fcff
FLGT,FULGENT GENETICS,Health Care,0.01235,fcff
FIP,FTAI INFRASTRUCTURE,Industrials,0.01232,fcff
CRNC,CERENCE,Information Technology,0.01226,fcff
ENTA,ENANTA PHARMACEUTICALS INC,Health Care,0.01226,fcff
CCCC,C4 THERAPEUTICS,Health Care,0.01224,fcff
OFIX,ORTHOFIX MEDICAL,Health Care,0.01224,fcff
TWI,TITAN INTERNATIONAL INC,Industrials,0.0122,fcff
XRX,XEROX HOLDINGS CORP,Information Technology,0.01218,fcff
NPCE,NEUROPACE,Health Care,0.01215,fcff
MVBF,MVB FINANCIAL CORP,Financials,0.01211,book
TITN,TITAN MACHINERY INC,Industrials,0.0121,fcff
ALMR,ALAMAR BIOSCIENCES INC,Health Care,0.01209,fcff
AVIR,ATEA PHARMACEUTICALS,Health Care,0.01205,fcff
HY,HYSTER YALE INC CLASS A,Industrials,0.01203,fcff
CZFS,CITIZENS FINANCIAL SERVICES INC,Financials,0.01201,book
SFIX,STITCH FIX CLASS A,Consumer Discretionary,0.01195,fcff
IBTA,IBOTTA CLASS A,Communication,0.01195,fcff
NUAI,NEW ERA ENERGY AND DIGITAL INC,Energy,0.01188,fcff
IIIV,I3 VERTICALS CLASS A,Information Technology,0.01188,fcff
TSBK,TIMBERLAND BANCORP INC,Financials,0.01183,book
FSTR,LB FOSTER,Industrials,0.01181,fcff
LAND,GLADSTONE LAND REIT CORP,Real Estate,0.01176,none
CBIO,CRESCENT BIOPHARMA,Health Care,0.01175,fcff
TECX,TECTONIC THERAPEUTIC,Health Care,0.01173,fcff
RZLT,REZOLUTE,Health Care,0.01169,fcff
NECB,NORTHEAST COMMUNITY BANCORP INC,Financials,0.01169,book
FVR,FRONTVIEW REIT,Real Estate,0.01167,none
ORN,ORION GROUP INC,Industrials,0.01161,fcff
GENB,GENERATE BIOMEDICINES INC,Health Care,0.0116,fcff
SPRY,ARS PHARMACEUTICALS,Health Care,0.0116,fcff
NPB,NORTHPOINTE BANCSHARES INC,Financials,0.01159,book
CRCT,CRICUT INC CLASS A,Consumer Discretionary,0.01159,fcff
NEWT,NEWTEKONE,Financials,0.01155,book
NWFL,NORWOOD FINANCIAL CORP,Financials,0.01155,book
BELFA,BEL FUSE CLASS A,Information Technology,0.01154,fcff
BBW,BUILD A BEAR WORKSHOP,Consumer Discretionary,0.01154,fcff
NGVC,NATURAL GROCERS BY VITAMIN COTTAGE,Consumer Staples,0.01152,fcff
SWIM,LATHAM GROUP INC,Consumer Discretionary,0.01146,fcff
RMR,RMR GROUP CLASS A,Real Estate,0.0114,none
YSWY,YESWAY INC CLASS A,Consumer Staples,0.01136,fcff
SERV,SERVE ROBOTICS,Consumer Discretionary,0.01135,fcff
FENC,FENNEC PHARMACEUTICALS,Health Care,0.01132,fcff
ULCC,FRONTIER GROUP HOLDINGS,Industrials,0.01128,fcff
WLTH,WEALTHFRONT,Financials,0.01126,book
MRAM,EVERSPIN TECHNOLOGIES INC,Information Technology,0.01123,fcff
FWDI,FORWARD INDUSTRIES INC,Information Technology,0.01122,fcff
RCKT,ROCKET PHARMACEUTICALS,Health Care,0.01121,fcff
WTI,W AND T OFFSHORE,Energy,0.01118,fcff
CABA,CABALETTA BIO,Health Care,0.01118,fcff
OEC,ORION SA,Materials,0.01115,fcff
SENS,SENSEONICS HOLDINGS INC,Health Care,0.01112,fcff
BCML,BAYCOM CORP,Financials,0.01112,book
EYPT,EYEPOINT INC,Health Care,0.01109,fcff
PRME,PRIME MEDICINE,Health Care,0.01109,fcff
AII,AMERICAN INTEGRITY INSURANCE GROUP,Financials,0.01108,book
KYTX,KYVERNA THERAPEUTICS,Health Care,0.01101,fcff
FTK,FLOTEK INDUSTRIES INC,Materials,0.011,fcff
LXEO,LEXEO THERAPEUTICS,Health Care,0.01099,fcff
STRZ,STARZ ENTERTAINMENT,Communication,0.01099,fcff
PCB,PCB BANCORP,Financials,0.01097,book
CTRN,CITI TRENDS INC,Consumer Discretionary,0.01092,fcff
WSBF,WATERSTONE FINANCIAL INC,Financials,0.01091,book
IHRT,IHEARTMEDIA CLASS A,Communication,0.01087,fcff
RR,RICHTECH ROBOTICS CLASS B,Industrials,0.01086,fcff
BIOA,BIOAGE LABS,Health Care,0.01082,fcff
SGHT,SIGHT SCIENCES,Health Care,0.01078,fcff
CLFD,CLEARFIELD INC,Information Technology,0.01077,fcff
TREE,LENDINGTREE,Financials,0.01073,book
DNA,GINKGO BIOWORKS HOLDINGS CLASS A,Health Care,0.01067,fcff
STRT,STRATTEC SECURITY CORP,Consumer Discretionary,0.01066,fcff
ABAT,AMERICAN BATTERY TECHNOLOGY COMPAN,Materials,0.01065,fcff
ASPN,ASPEN AEROGELS,Materials,0.01065,fcff
NRDS,NERDWALLET CLASS A,Financials,0.01064,book
AURA,AURA BIOSCIENCES,Health Care,0.01061,fcff
MNRO,MONRO,Consumer Discretionary,0.0106,fcff
TRC,TEJON RANCH,Real Estate,0.01055,none
FVCB,FVCBANKCORP INC,Financials,0.01053,book
RCKY,ROCKY BRANDS INC,Consumer Discretionary,0.01052,fcff
VOXR,VOX ROYALTY CORP,Materials,0.01048,fcff
QUAD,QUAD GRAPHICS INC CLASS A,Industrials,0.01046,fcff
CHMG,CHEMUNG FINANCIAL CORP,Financials,0.01045,book
KRUS,KURA SUSHI USA,Consumer Discretionary,0.01044,fcff
DSGR,DISTRIBUTION SOLUTIONS GROUP,Industrials,0.01041,fcff
MH,MCGRAW HILL,Consumer Discretionary,0.0104,fcff
CLW,CLEARWATER PAPER CORP,Materials,0.01039,fcff
GCO,GENESCO INC,Consumer Discretionary,0.01035,fcff
ATLO,AMES NATIONAL CORP,Financials,0.01035,book
ARKO,ARKO,Consumer Discretionary,0.01032,fcff
MPTI,M TRON INDUSTRIES INC,Information Technology,0.01028,fcff
RNGR,RANGER ENERGY SERVICES INC CLASS A,Energy,0.01026,fcff
ZURA,ZURA BIO LTD CLASS A,Health Care,0.01022,fcff
ASMB,ASSEMBLY BIOSCIENCES INC,Health Care,0.01022,fcff
PESI,PERMA FIX ENVIRONMENTAL SERVICES I,Industrials,0.01021,fcff
EDIT,EDITAS MEDICINE,Health Care,0.0102,fcff
OPRT,OPORTUN FINANCIAL CORP,Financials,0.01019,book
STRO,SUTRO BIOPHARMA INC,Health Care,0.01019,fcff
CMPX,COMPASS THERAPEUTICS,Health Care,0.01017,fcff
SLP,SIMULATIONS PLUS,Health Care,0.01013,fcff
PSIX,POWER SOLUTIONS INTERNATIONAL,Industrials,0.0101,fcff
EMBC,EMBECTA,Health Care,0.0101,fcff
CVEO,CIVEO CORP,Industrials,0.01009,fcff
CATX,PERSPECTIVE THERAPEUTICS,Health Care,0.01008,fcff
NEXN,NEXXEN INTERNATIONAL LTD,Communication,0.01004,fcff
PTLO,PORTILLO S INC CLASS A,Consumer Discretionary,0.01003,fcff
EBS,EMERGENT BIOSOLUTIONS,Health Care,0.01001,fcff
AVEX,AEVEX CORP CLASS A,Industrials,0.01001,fcff
TBI,TRUEBLUE INC,Industrials,0.00997,fcff
MG,MISTRAS GROUP INC,Industrials,0.00996,fcff
RM,REGIONAL MANAGEMENT CORP,Financials,0.00996,book
MASS,908 DEVICES,Information Technology,0.00995,fcff
RMNI,RIMINI STREET INC,Information Technology,0.00986,fcff
XFOR,X4 PHARMACEUTICALS INC,Health Care,0.00985,fcff
GNE,GENIE ENERGY LTD CLASS B,Utilities,0.00983,fcff
ACIC,AMERICAN COASTAL INSURANCE CORP,Financials,0.00981,book
FSBW,FS BANCORP INC,Financials,0.00975,book
ALTO,ALTO INGREDIENTS INC,Materials,0.00971,fcff
VGZ,VISTA GOLD CORP,Materials,0.0097,fcff
MEC,MAYVILLE ENGINEERING COMPANY INC,Industrials,0.00969,fcff
FUBO,FUBOTV CLASS A,Communication,0.00968,fcff
CBK,COMMERCIAL BANCGROUP INC,Financials,0.00966,book
FCCO,FIRST COMMUNITY CORP,Financials,0.00965,book
RXT,RACKSPACE TECHNOLOGY INC,Information Technology,0.00963,fcff
BOBS,BOBS DISCOUNT FURNITURE INC,Consumer Discretionary,0.0096,fcff
FNKO,FUNKO CLASS A,Consumer Discretionary,0.0096,fcff
NABL,N ABLE INC,Information Technology,0.0096,fcff
AVBC,AVIDIA BANCORP INC,Financials,0.00953,book
PINE,ALPINE INCOME PROPERTY TRUST INC,Real Estate,0.00951,none
CRDA,CRAWFORD CLASS A,Financials,0.00948,book
NXH,NEIGHBORHOOD INTELLIGENCE,Consumer Discretionary,0.00948,fcff
WEST,WESTROCK COFFEE,Consumer Staples,0.00947,fcff
JMSB,JOHN MARSHALL BANCORP INC,Financials,0.00945,book
BOC,BOSTON OMAHA CORP CLASS A,Communication,0.00941,fcff
VMD,VIEMED HEALTHCARE INC,Health Care,0.0094,fcff
IA,INNOVATIVE SOLUTIONS AND SUPPORT I,Industrials,0.00938,fcff
MTRX,MATRIX SERVICE,Industrials,0.00936,fcff
MYGN,MYRIAD GENETICS,Health Care,0.00935,fcff
ATNI,ATN INTERNATIONAL INC,Communication,0.00935,fcff
FRD,FRIEDMAN INDUSTRIES INC,Materials,0.00934,fcff
ABX,ABACUS GLOBAL MANAGEMENT INC CLASS,Financials,0.0093,book
JACK,JACK IN THE BOX INC,Consumer Discretionary,0.00928,fcff
RLGT,RADIANT LOGISTIC INC,Industrials,0.00926,fcff
JOUT,JOHNSON OUTDOORS INC CLASS A,Consumer Discretionary,0.00924,fcff
PANL,PANGAEA LOGISTICS SOLUTIONS,Industrials,0.00922,fcff
TDUP,THREDUP CLASS A,Consumer Discretionary,0.00921,fcff
BLND,BLEND LABS CLASS A,Information Technology,0.00921,fcff
ZIP,ZIPRECRUITER INC CLASS A,Communication,0.00919,fcff
XPER,XPERI INC,Information Technology,0.00915,fcff
FLXS,FLEXSTEEL INDUSTRIES INC,Consumer Discretionary,0.00914,fcff
PALI,PALISADE BIO INC,Health Care,0.00913,fcff
VNDA,VANDA PHARMACEUTICALS INC,Health Care,0.0091,fcff
FRAF,FRANKLIN FINANCIAL SERVICES CORP,Financials,0.00907,book
SPCE,VIRGIN GALACTIC HOLDINGS INC SHS C,Industrials,0.00904,fcff
LILA,LIBERTY LATIN AMERICA CLASS A,Communication,0.00897,fcff
CNDT,CONDUENT,Industrials,0.00893,fcff
DNUT,KRISPY KREME,Consumer Discretionary,0.0089,fcff
RXST,RXSIGHT,Health Care,0.00888,fcff
IKT,INHIBIKASE THERAPEUTICS,Health Care,0.00888,fcff
NKSH,NATIONAL BANKSHARES INC,Financials,0.00887,book
AVXL,ANAVEX LIFE SCIENCES CORP,Health Care,0.00885,fcff
FUNC,FIRST UNITED CORP,Financials,0.00884,book
BGS,B AND G FOODS INC,Consumer Staples,0.00882,fcff
BMBL,BUMBLE CLASS A,Communication,0.00881,fcff
SMC,SUMMIT MIDSTREAM CORP,Energy,0.0088,fcff
TLS,TELOS CORPORATION CORP,Information Technology,0.0088,fcff
GRNT,GRANITE RIDGE RESOURCES,Energy,0.00877,fcff
HTZ,HERTZ GLOBAL HLDGS INC,Industrials,0.00874,fcff
BH,BIGLARI HOLDINGS INCINARY CLASS B,Consumer Discretionary,0.0087,fcff
FOSL,FOSSIL GROUP INC,Consumer Discretionary,0.0087,fcff
ARDT,ARDENT HEALTH INC,Health Care,0.00865,fcff
ABEO,ABEONA THERAPEUTICS INC,Health Care,0.0086,fcff
EGHT,8X8 INC,Information Technology,0.0086,fcff
CFFI,C AND F FINANCIAL CORP,Financials,0.00859,book
USCB,USCB FINANCIAL HOLDINGS INC CLASS,Financials,0.00858,book
MYFW,FIRST WESTERN FINANCIAL INC,Financials,0.00856,book
AGEN,AGENUS INC,Health Care,0.00848,fcff
RC,READY CAPITAL CORP,Financials,0.00847,book
LRMR,LARIMAR THERAPEUTICS,Health Care,0.00847,fcff
FDBC,FIDELITY D AND D BANCORP INC,Financials,0.00846,book
FXNC,FIRST NATIONAL CORP,Financials,0.00843,book
IMRX,IMMUNEERING CLASS A,Health Care,0.00834,fcff
LCNB,LCNB CORP,Financials,0.00833,book
CLNE,CLEAN ENERGY FUELS,Energy,0.00832,fcff
SGP,SPYGLASS PHARMA SHS,Health Care,0.00831,fcff
RPAY,REPAY HOLDINGS CORP CLASS A,Financials,0.0083,book
HCKT,HACKETT GROUP,Information Technology,0.0083,fcff
REI,RING ENERGY INC,Energy,0.00829,fcff
BRBS,BLUE RIDGE BANKSHARES INC,Financials,0.00827,book
SHOE,SHOE STATION GROUP INC,Consumer Discretionary,0.00827,fcff
KINS,KINGSTONE COMPANIES INC,Financials,0.00825,book
NRC,NRC HEALTH,Health Care,0.00823,fcff
OVLY,OAK VALLEY BANCORP,Financials,0.00822,book
LTBR,LIGHTBRIDGE CORP,Energy,0.00821,fcff
OSS,ONE STOP SYSTEMS INC,Information Technology,0.00821,fcff
ONIT,ONITY GROUP INC,Financials,0.00818,book
FBYD,FALCON S BEYOND GLOBAL INC CLASS A,Industrials,0.00818,fcff
PLAY,DAVE AND BUSTERS ENTERTAINMENT,Consumer Discretionary,0.00817,fcff
BNTC,BENITEC BIOPHARMA INC,Health Care,0.00815,fcff
GCBC,GREENE COUNTY BANCORP INC,Financials,0.00814,book
NATH,NATHANS FAMOUS INC,Consumer Discretionary,0.00813,fcff
BSVN,BANK7 CORP,Financials,0.0081,book
DUOT,DUOS TECHNOLOGIES GROUP INC,Information Technology,0.00808,fcff
ISBA,ISABELLA BANK CORP,Financials,0.00807,book
ASIC,ATEGRITY SPECIALTY INSURANCE COMPA,Financials,0.00805,book
AVBH,AVIDBANK HOLDINGS INC,Financials,0.00804,book
ANIK,ANIKA THERAPEUTICS INC,Health Care,0.00804,fcff
HLLY,HOLLEY,Consumer Discretionary,0.00802,fcff
WEYS,WEYCO GROUP INC,Consumer Discretionary,0.00799,fcff
ELDN,ELEDON PHARMACEUTICALS INC,Health Care,0.00799,fcff
MGPI,MGP INGREDIENTS,Consumer Staples,0.00797,fcff
WOOF,PETCO HEALTH AND WELLNESS COMPANY,Consumer Discretionary,0.00792,fcff
NUS,NU SKIN ENTERPRISES CLASS A,Consumer Staples,0.00792,fcff
MGNX,MACROGENICS INC,Health Care,0.0079,fcff
FRPH,FRP HOLDINGS INC,Real Estate,0.0079,none
FNRN,FIRST NORTHERN COMMUNITY BANCORP,Financials,0.00786,book
BKKT,BAKKT INC CLASS A,Financials,0.00785,book
ACRE,ARES COMMERCIAL REAL ESTATE REIT C,Financials,0.00784,book
ZUMZ,ZUMIEZ,Consumer Discretionary,0.00781,fcff
EU,ENCORE ENERGY,Energy,0.0078,fcff
FBLA,FB BANCORP,Financials,0.0078,book
RJET,REPUBLIC AIRWAYS HOLDINGS,Industrials,0.00779,fcff
OPTU,OPTIMUM COMMUNICATIONS INC CLASS A,Communication,0.00776,fcff
INNV,INNOVAGE HOLDING CORP,Health Care,0.00775,fcff
TWIN,TWIN DISC INC,Industrials,0.00774,fcff
JAKK,JAKKS PACIFIC INC,Consumer Discretionary,0.00773,fcff
INR,INFINITY NATURAL RESOURCES INC CLA,Energy,0.00773,fcff
OSUR,ORASURE TECHNOLOGIES INC,Health Care,0.00772,fcff
BPRN,PRINCETON BANCORP INC,Financials,0.00763,book
PACK,RANPAK HOLDINGS CORP CLASS A,Materials,0.00761,fcff
LODE,COMSTOCK INC,Energy,0.0076,fcff
UPB,UPSTREAM BIO,Health Care,0.00755,fcff
SMRT,SMARTRENT INC CLASS A,Information Technology,0.0075,fcff
IPSC,CENTURY THERAPEUTICS,Health Care,0.00749,fcff
III,INFORMATION SERVICES GROUP INC,Information Technology,0.00743,fcff
SHAZ,SHARONAI HOLDINGS INC CLASS A,Information Technology,0.00741,fcff
PMTS,CPI CARD GROUP INC,Information Technology,0.00741,fcff
WNEB,WESTERN NEW ENGLAND BANCORP INC,Financials,0.00739,book
MFIN,MEDALLION FINANCIAL CORP,Financials,0.00737,book
AVNW,AVIAT NETWORKS INC,Information Technology,0.00736,fcff
DSP,VIANT TECHNOLOGY INC CLASS A,Information Technology,0.00734,fcff
FULC,FULCRUM THERAPEUTICS,Health Care,0.00732,fcff
AKBA,AKEBIA THERAPEUTICS INC,Health Care,0.00731,fcff
SEVN,SEVEN HILLS REALTY TRUST,Financials,0.00731,book
LMRI,LUMEXA IMAGING HOLDINGS,Health Care,0.0073,fcff
ALEC,ALECTOR,Health Care,0.0073,fcff
IMMR,IMMERSION CORP,Information Technology,0.0073,fcff
DMAC,DIAMEDICA THERAPEUTICS INC,Health Care,0.0073,fcff
MBI,MBIA INC,Financials,0.00725,book
POWW,OUTDOOR HOLDING,Consumer Discretionary,0.00724,fcff
HBB,HAMILTON BEACH BRANDS HOLDING COMP,Consumer Discretionary,0.00723,fcff
USAU,US GOLD CORP,Materials,0.00723,fcff
EIKN,EIKON THERAPEUTICS INC,Health Care,0.00721,fcff
COSO,COASTALSOUTH BANCSHARES INC,Financials,0.00721,book
EVEX,EVE HOLDING,Industrials,0.00717,fcff
REFI,CHICAGO ATLANTIC REAL ESTATE FINAN,Financials,0.00717,book
CDZI,CADIZ INC,Utilities,0.00715,fcff
VABK,VIRGINIA NATIONAL BANKSHARES CORP,Financials,0.0071,book
VEL,VELOCITY FINANCIAL INC,Financials,0.0071,book
WBTN,WEBTOON ENTERTAINMENT INC,Communication,0.00709,fcff
LOVE,LOVESAC COMPANY,Consumer Discretionary,0.00706,fcff
MRBK,MERIDIAN CORP,Financials,0.007,book
PEBK,PEOPLES BANCORP OF NORTH CAROLINA,Financials,0.00699,book
ALCO,ALICO INC,Consumer Staples,0.00698,fcff
SKYH,SKY HARBOUR GROUP CLASS A,Industrials,0.00692,fcff
BKTI,BK TECHNOLOGIES CORP,Information Technology,0.00692,fcff
CZWI,CITIZENS COMMUNITY BANCORP INC,Financials,0.00691,book
INBK,FIRST INTERNET BANCORP,Financials,0.00688,book
ASUR,ASURE SOFTWARE INC,Industrials,0.00687,fcff
LEGH,LEGACY HOUSING CORP,Consumer Discretionary,0.00687,fcff
RICK,RCI HOSPITALITY HOLDINGS INC,Consumer Discretionary,0.00687,fcff
SI,SHOULDER INNOVATIONS,Health Care,0.00686,fcff
RELL,RICHARDSON ELECTRONICS LTD,Information Technology,0.00685,fcff
NATR,NATURES SUNSHINE PRODUCTS INC,Consumer Staples,0.00682,fcff
PDYN,PALLADYNE AI CORP,Industrials,0.00679,fcff
WYFI,WHITEFIBER INC,Information Technology,0.00679,fcff
PCYO,PURE CYCLE CORP,Utilities,0.00678,fcff
GOGO,GOGO,Communication,0.00675,fcff
KWY,KINGSWAY CORP,Financials,0.00674,book
TSSI,TSS INC,Information Technology,0.00671,fcff
LMNR,LIMONEIRA,Consumer Staples,0.0067,fcff
PRTH,PRIORITY TECHNOLOGY HOLDINGS INC,Financials,0.00666,book
TG,TREDEGAR CORP,Materials,0.00666,fcff
AREC,AMERICAN RESOURCES CORP CLASS A,Energy,0.00665,fcff
TLSI,TRISALUS LF SC CM A,Health Care,0.00661,fcff
FHTX,FOGHORN THERAPEUTICS,Health Care,0.00659,fcff
SPOK,SPOK HOLDINGS INC,Communication,0.00659,fcff
TRDA,ENTRADA THERAPEUTICS,Health Care,0.00658,fcff
NXDT,NEXPOINT DIVERSIFIED REAL ESTATE T,Real Estate,0.00654,none
OFRM,ONCE UPON A FARM PBC,Consumer Staples,0.00653,fcff
CD,CHAINCE DIGITAL HOLDINGS INC,Financials,0.00652,book
TNXP,TONIX PHARMACEUTICALS HOLDING,Health Care,0.00649,fcff
ASLE,AERSALE CORP,Industrials,0.00645,fcff
INFU,INFUSYSTEM HOLDINGS INC,Health Care,0.00644,fcff
FCAP,FIRST CAPITAL INC,Financials,0.00644,book
HDSN,HUDSON TECHNOLOGIES INC,Industrials,0.00643,fcff
KROS,KEROS THERAPEUTICS,Health Care,0.00642,fcff
SEG,SEAPORT ENTERTAINMENT GROUP INC,Real Estate,0.00639,none
OPBK,OP BANCORP,Financials,0.00638,book
TARA,PROTARA THERAPEUTICS INC,Health Care,0.00638,fcff
ALXO,ALX ONCOLOGY HOLDINGS INC,Health Care,0.00637,fcff
VELO,VELO3D INC,Industrials,0.00637,fcff
IVVD,INVIVYD,Health Care,0.00635,fcff
BNED,BARNES AND NOBLE EDUCATION INC,Consumer Discretionary,0.00635,fcff
SRI,STONERIDGE INC,Consumer Discretionary,0.00631,fcff
SMHI,SEACOR MARINE HOLDINGS INC,Energy,0.0063,fcff
RNA,ATRIUM THERAPEUTICS INC,Health Care,0.0063,fcff
SSP,EW SCRIPPS CLASS A,Communication,0.00629,fcff
PPIH,PERMA PIPE INTERNATIONAL HOLDINGS,Industrials,0.00628,fcff
GSIT,GSI TECHNOLOGY INC,Information Technology,0.00626,fcff
DBI,DESIGNER BRANDS CLASS A,Consumer Discretionary,0.00626,fcff
APC,ARKO PETROLEUM CORP CLASS A,Consumer Discretionary,0.00626,fcff
TBCH,TURTLE BEACH,Information Technology,0.00626,fcff
CMT,CORE MOLDING TECHNOLOGIES INC,Materials,0.00625,fcff
PSFE,PAYSAFE LTD,Financials,0.00625,book
MITT,TPG MORTGAGE INVESTMENT TRUST INC,Financials,0.00625,book
BBCP,CONCRETE PUMPING HOLDINGS INC,Industrials,0.00625,fcff
KRO,KRONOS WORLDWIDE,Materials,0.00624,fcff
RCMT,RCM TECHNOLOGIES INC,Industrials,0.00624,fcff
ELMD,ELECTROMED INC,Health Care,0.00619,fcff
OSG,OCTAVE SPECIALTY GROUP INC,Financials,0.00618,book
HMH,HMH HOLDING INC CLASS A,Energy,0.00618,fcff
CFBK,CF BANKSHARES INC,Financials,0.00617,book
EFSI,EAGLE FINANCIAL SERVICES INC,Financials,0.00617,book
FC,FRANKLIN COVEY,Industrials,0.00616,fcff
OPFI,OPPFI INC CLASS A,Financials,0.00614,book
CV,CAPSOVISION INC,Health Care,0.00613,fcff
IRD,OPUS GENETICS INC,Health Care,0.0061,fcff
ACU,ACME UNITED CORP,Health Care,0.0061,fcff
PBFS,PIONEER BANCORP INC,Financials,0.00608,book
XPOF,XPONENTIAL FITNESS CLASS A,Consumer Discretionary,0.00608,fcff
RBBN,RIBBON COMMUNICATIONS,Information Technology,0.00607,fcff
LTRX,LANTRONIX INC,Information Technology,0.00603,fcff
EBMT,EAGLE BANCORP MONTANA INC,Financials,0.00602,book
UTMD,UTAH MEDICAL PRODUCTS INC,Health Care,0.00601,fcff
PLX,PROTALIX BIOTHERAPEUTICS INC,Health Care,0.00601,fcff
NAGE,NIAGEN BIOSCIENCE INC,Consumer Staples,0.006,fcff
HPK,HIGHPEAK ENERGY INC,Energy,0.00599,fcff
ALTI,ALTI GLOBAL INC CLASS A,Financials,0.00599,book
VYGR,VOYAGER THERAPEUTICS,Health Care,0.00597,fcff
EVGO,EVGO INC CLASS A,Consumer Discretionary,0.00596,fcff
SIDU,SIDUS SPACE INC CLASS A,Industrials,0.00593,fcff
GBFH,GBANK FINL HLDGS INC,Financials,0.00592,book
CIA,CITIZENS INC CLASS A,Financials,0.00592,book
CMRC,BIGCOMMERCE HOLDINGS SERIES,Information Technology,0.00589,fcff
NCMI,NATIONAL CINEMEDIA INC,Communication,0.00588,fcff
JRVR,JAMES RIVER GROUP HOLDINGS INC,Financials,0.00586,book
GEMI,GEMINI SPACE STATION INC CLASS A,Financials,0.00586,book
RILY,BRC GROUP HOLDINGS INC,Financials,0.00585,book
ASYS,AMTECH SYSTEMS INC,Information Technology,0.00585,fcff
VUZI,VUZIX CORP,Information Technology,0.00581,fcff
RSVR,RESERVOIR MEDIA INC,Communication,0.0058,fcff
HWBK,HAWTHORN BANCSHARES INC,Financials,0.0058,book
UIS,UNISYS,Information Technology,0.00579,fcff
ZNTL,ZENTALIS PHARMACEUTICALS,Health Care,0.00576,fcff
TAYD,TAYLOR DEVICES INC,Industrials,0.0057,fcff
QUIK,QUICKLOGIC CORP,Information Technology,0.00567,fcff
OVBC,OHIO VALLEY BANC CORP,Financials,0.00566,book
LCTX,LINEAGE CELL THERAPEUTICS INC,Health Care,0.00565,fcff
ESCA,ESCALADE INC,Consumer Discretionary,0.00561,fcff
AMPY,AMPLIFY ENERGY,Energy,0.00558,fcff
CHRS,COHERUS ONCOLOGY INC,Health Care,0.00556,fcff
ZSQR,Z SQUARED INC,Health Care,0.00554,fcff
CMDB,COSTAMARE BULKERS HOLDINGS LTD,Industrials,0.00553,fcff
YSS,YORK SPACE SYSTEMS INC,Industrials,0.00551,fcff
ALMU,AELUMA INC,Information Technology,0.00551,fcff
CRBP,CORBUS PHARMACEUTICALS HOLDINGS,Health Care,0.00544,fcff
AIRO,AIRO GROUP HOLDINGS INC,Industrials,0.00541,fcff
EVMN,EVOMMUNE,Health Care,0.00538,fcff
NLOP,NET LEASE OFFICE PROPERTIES,Real Estate,0.00536,none
DTIL,PRECISION BIOSCIENCES INC,Health Care,0.00535,fcff
KGEI,KOLIBRI GLOBAL ENERGY INC,Energy,0.00534,fcff
MNSB,MAINSTREET BANCSHARES,Financials,0.00531,book
LZM,LIFEZONE METALS LTD,Materials,0.00531,fcff
GENC,GENCOR INDUSTRIES INC,Industrials,0.0053,fcff
OBIO,ORCHESTRA BIOMED HOLDINGS INC,Health Care,0.00528,fcff
MPAA,MOTORCAR PARTS OF AMERICA INC,Consumer Discretionary,0.00525,fcff
GALT,GALECTIN THERAPEUTICS INC,Health Care,0.00523,fcff
ATOM,ATOMERA INC,Information Technology,0.00519,fcff
CMTV,COMMUNITY BANCORP VT,Financials,0.00512,book
NC,NACCO INDUSTRIES INC CLASS A,Energy,0.00512,fcff
SPRB,SPRUCE BIOSCIENCES,Health Care,0.00511,fcff
SITC,SITE CENTERS,Real Estate,0.0051,none
SSTK,SHUTTERSTOCK,Communication,0.00509,fcff
BRT,BRT APARTMENTS CORP,Real Estate,0.00509,none
PXED,PHOENIX EDUCATION PARTNERS,Consumer Discretionary,0.00509,fcff
ESOA,ENERGY SERVICES OF AMERICA CORP,Energy,0.00506,fcff
NREF,NEXPOINT REAL ESTATE FINANCE,Financials,0.00504,book
USNA,USANA HEALTH SCIENCES INC,Consumer Staples,0.00497,fcff
AOMR,ANGEL OAK MORTGAGE REIT,Financials,0.00496,book
INSE,INSPIRED ENTERTAINMENT INC,Consumer Discretionary,0.00495,fcff
BRCB,BLACK ROCK COFFEE BAR CLASS A,Consumer Discretionary,0.00494,fcff
ELMT,ELMET GROUP,Industrials,0.00493,fcff
ACTG,ACACIA RESEARCH,Financials,0.00491,book
SRZN,SURROZEN,Health Care,0.0049,fcff
SABS,SAB BIOTHERAPEUTICS INC,Health Care,0.00489,fcff
DOMO,DOMO INC CLASS B,Information Technology,0.00483,fcff
MVST,MICROVAST HOLDINGS,Industrials,0.00481,fcff
CMTG,CLAROS MORTGAGE TRUST INC,Financials,0.0048,book
ADV,ADVANTAGE SOLUTIONS CLASS A,Communication,0.00478,fcff
AIRJ,AIRJOULE TECHNOLOGIES CLASS A,Industrials,0.00476,fcff
JILL,J JILL INC,Consumer Discretionary,0.00468,fcff
BCBP,BCB BANCORP INC,Financials,0.00466,book
ANGI,ANGI INC CLASS A,Communication,0.00466,fcff
BVFL,BV FINANCIAL INC,Financials,0.00465,book
ACDC,PROFRAC HOLDING CLASS A,Energy,0.00464,fcff
LARK,LANDMARK BANCORP INC,Financials,0.00462,book
SND,SMART SAND INC,Energy,0.00461,fcff
LWAY,LIFEWAY FOODS INC,Consumer Staples,0.00461,fcff
CRBU,CARIBOU BIOSCIENCES,Health Care,0.00455,fcff
KRRO,KORRO BIO,Health Care,0.00454,fcff
KRMD,KORU MEDICAL SYSTEMS INC,Health Care,0.00451,fcff
KLTR,KALTURA INC,Information Technology,0.0045,fcff
DOUG,DOUGLAS ELLIMAN INC,Real Estate,0.0045,none
RGCO,RGC RESOURCES INC,Utilities,0.00447,fcff
CDXS,CODEXIS,Health Care,0.00445,fcff
CBFV,CB FINANCIAL SERVICES INC,Financials,0.00444,book
SNFCA,SECURITY NATIONAL FINANCIAL CORP C,Financials,0.00443,book
XZO,EXZEO GROUP INC,Financials,0.00443,book
PRLD,PRELUDE THERAPEUTICS,Health Care,0.00441,fcff
CARL,CARLSMED,Health Care,0.0044,fcff
FF,FUTUREFUEL CORP,Energy,0.00438,fcff
PLTK,PLAYTIKA HOLDING CORP,Communication,0.00435,fcff
INGN,INOGEN,Health Care,0.00434,fcff
LUCD,LUCID DIAGNOSTICS INC,Health Care,0.00433,fcff
ULH,UNIVERSAL LOGISTICS HOLDINGS INC,Industrials,0.0043,fcff
NMRA,NEUMORA THERAPEUTICS INC,Health Care,0.00426,fcff
SIGA,SIGA TECHNOLOGIES INC,Health Care,0.00425,fcff
PNRG,PRIMEENERGY RESOURCES CORP,Energy,0.00425,fcff
CABO,CABLE ONE INC,Communication,0.00423,fcff
SGC,SUPERIOR GROUP OF COMPANIES INC,Consumer Discretionary,0.0042,fcff
EVCM,EVERCOMMERCE INC,Information Technology,0.0042,fcff
AP,AMPCO PITTSBURGH CORP,Materials,0.00418,fcff
WHWK,WHITEHAWK THERAPEUTICS,Health Care,0.00415,fcff
ONEW,ONEWATER MARINE CLASS A INC,Consumer Discretionary,0.00413,fcff
MPLT,MAPLIGHT THERAPEUTICS,Health Care,0.00413,fcff
SLNH,SOLUNA HOLDINGS INC,Information Technology,0.00413,fcff
ANTX,AN2 THERAPEUTICS INC,Health Care,0.00412,fcff
SRBK,SR BANCORP INC,Financials,0.00411,book
PDEX,PRO DEX INC,Health Care,0.0041,fcff
SES,SES AI CLASS A,Industrials,0.00408,fcff
LFCR,LIFECORE BIOMEDICAL,Health Care,0.00406,fcff
WHG,WESTWOOD HOLDINGS GROUP INC,Financials,0.00405,book
LYEL,LYELL IMMUNOPHARMA,Health Care,0.00404,fcff
ONL,ORION PROPERTIES,Real Estate,0.00402,none
CHPT,CHARGEPOINT HOLDINGS INC CLASS A,Industrials,0.00401,fcff
LFMD,LIFEMD INC,Health Care,0.00401,fcff
LAW,CS DISCO,Information Technology,0.00399,fcff
EGAN,EGAIN CORP,Information Technology,0.00399,fcff
RNAC,CARTESIAN THERAPEUTICS,Health Care,0.00398,fcff
UNCY,UNICYCIVE THERAPEUTICS INC,Health Care,0.00397,fcff
PAL,PROFICIENT AUTO LOGISTICS INC,Industrials,0.00395,fcff
ORMP,ORAMED PHARMACEUTICALS INC,Health Care,0.00391,fcff
SWMR,SWARMER INC,Industrials,0.00389,fcff
RMBI,RICHMOND MUTUAL BANCORPORATION INC,Financials,0.00388,book
NKTX,NKARTA,Health Care,0.00387,fcff
NERV,MINERVA NEUROSCIENCES INC,Health Care,0.00386,fcff
PROK,PROKIDNEY CORP CLASS A,Health Care,0.00386,fcff
ESP,ESPEY MANUFACTURING AND ELECTRONIC,Industrials,0.00385,fcff
ORGO,ORGANOGENESIS HOLDINGS CLASS A,Health Care,0.00384,fcff
INTT,INTEST CORP,Information Technology,0.00382,fcff
ADCT,ADC THERAPEUTICS SA,Health Care,0.00382,fcff
FINW,FINWISE BANCORP,Financials,0.00381,book
BHR,BRAEMAR HOTELS RESORTS INC,Real Estate,0.0038,none
CURI,CURIOSITYSTREAM INC CLASS A,Communication,0.00376,fcff
TTGT,TECHTARGET INC,Communication,0.00374,fcff
CXDO,CREXENDO INC,Information Technology,0.00374,fcff
MDWD,MEDIWOUND LTD,Health Care,0.00373,fcff
ALTG,ALTA EQUIPMENT GROUP INC CLASS A,Industrials,0.00373,fcff
LE,LAND END,Consumer Discretionary,0.00373,fcff
ABOS,ACUMEN PHARMACEUTICALS INC,Health Care,0.00371,fcff
BETR,BETTER HOME FINANCE HOLDING CLASS,Financials,0.00366,book
MNTK,MONTAUK RENEWABLES INC,Utilities,0.00366,fcff
LDI,LOANDEPOT INC CLASS A,Financials,0.00365,book
EAF,GRAFTECH INTERNATIONAL LTD,Industrials,0.00363,fcff
QTRX,QUANTERIX,Health Care,0.00363,fcff
HNVR,HANOVER BANCORP INC,Financials,0.00362,book
MLP,MAUI LAND AND PINEAPPLE INC,Real Estate,0.00356,none
SION,SIONNA THERAPEUTICS,Health Care,0.00348,fcff
GLSI,GREENWICH LIFESCIENCES INC,Health Care,0.00347,fcff
NODK,NI HOLDINGS INC,Financials,0.00345,book
CVGI,COMMERCIAL VEHICLE GROUP INC,Industrials,0.00345,fcff
EPM,EVOLUTION PETROLEUM CORP,Energy,0.00344,fcff
TRON,TRON INC,Consumer Discretionary,0.00338,fcff
LENZ,LENZ THERAPEUTICS,Health Care,0.00337,fcff
STRW,STRAWBERRY FIELDS REIT INC,Real Estate,0.00334,none
GLIBA,LIBERTY CAPITAL SERIES A,Communication,0.00331,fcff
BDTX,BLACK DIAMOND THERAPEUTICS INC,Health Care,0.0033,fcff
FJET,STARFIGHTERS SPACE INC,Industrials,0.00327,fcff
SAMG,SILVERCREST ASSET MANAGEMENT GROUP,Financials,0.00324,book
AMTX,AEMETIS INC,Energy,0.00323,fcff
RAIL,FREIGHTCAR AMERICA INC,Industrials,0.00321,fcff
GYRE,GYRE THERAPEUTICS,Health Care,0.00318,fcff
SMTI,SANARA MEDTECH INC,Health Care,0.00316,fcff
TRAK,REPOSITRAK INC,Information Technology,0.00311,fcff
BALY,BALLY S,Consumer Discretionary,0.00308,fcff
FOA,FINANCE OF AMERICA COMPANIES INC C,Financials,0.00304,book
CBNA,CHAIN BRIDGE BANCORP INC CLASS A,Financials,0.00299,book
ELA,ENVELA CORP,Consumer Discretionary,0.00298,fcff
CNTN,CANTON STRATEGIC HOLDINGS INC,Health Care,0.00296,fcff
KVHI,KVH INDUSTRIES INC,Information Technology,0.00291,fcff
LCUT,LIFETIME BRANDS INC,Consumer Discretionary,0.0029,fcff
STXS,STEREOTAXIS INC,Health Care,0.0029,fcff
ECBK,ECB BANCORP INC,Financials,0.00288,book
ACH,ACCENDRA HEALTH,Health Care,0.00285,fcff
DMRC,DIGIMARC,Information Technology,0.00282,fcff
GWRS,GLOBAL WATER RESOURCES INC,Utilities,0.00281,fcff
CPSS,CONSUMER PORTFOLIO SERVICES INC,Financials,0.00281,book
BHA,BIGLARI HOLDINGS INC CLASS A,Consumer Discretionary,0.0028,fcff
OFLX,OMEGA FLEX INC,Industrials,0.00277,fcff
SVCO,SILVACO GROUP INC,Information Technology,0.00277,fcff
DIBS,1STDIBS COM INC,Consumer Discretionary,0.00275,fcff
RFIL,RF INDUSTRIES LTD,Information Technology,0.00273,fcff
KLC,KINDERCARE LEARNING COMPANIES INC,Consumer Discretionary,0.00268,fcff
TKNO,ALPHA TEKNOVA,Health Care,0.00267,fcff
OKUR,ONKURE THERAPEUTICS INC CLASS A,Health Care,0.00264,fcff
VENU,VENU HOLDING CORP,Consumer Discretionary,0.00256,fcff
CAMP,CAMP4 THERAPEUTICS CORP,Health Care,0.00256,fcff
EPSN,EPSILON ENERGY LTD,Energy,0.00255,fcff
EVI,EVI INDUSTRIES INC,Industrials,0.00254,fcff
GPRO,GOPRO INC CLASS A,Consumer Discretionary,0.00249,fcff
CURV,TORRID HOLDINGS INC,Consumer Discretionary,0.00244,fcff
FLWS,1-800 FLOWERS.COM CLASS A,Consumer Discretionary,0.00242,fcff
ACR,ACRES COMMERCIAL REALTY,Financials,0.00239,book
BRCC,BRC INC CLASS A,Consumer Staples,0.00238,fcff
NPWR,NET POWER CLASS A,Industrials,0.00237,fcff
RBKB,RHINEBECK BANCORP INC,Financials,0.00236,book
VERI,VERITONE INC,Information Technology,0.00235,fcff
INV,INNVENTURE INC,Financials,0.00229,book
SMID,SMITH MIDLAND CORP,Materials,0.0022,fcff
TCX,TUCOWS INC,Information Technology,0.0022,fcff
PAMT,PAMT CORP,Industrials,0.00213,fcff
ZENA,ZENATECH INC,Information Technology,0.00213,fcff
THRY,THRYV HOLDINGS INC,Information Technology,0.00209,fcff
BNAI,BRAND ENGAGEMENT NETWORK INC,Information Technology,0.00209,fcff
HQI,HIREQUEST INC,Industrials,0.00203,fcff
OPTX,SYNTEC OPTICS HOLDINGS INC CLASS A,Information Technology,0.002,fcff
RDNW,RIDENOW GROUP INC CLASS B,Consumer Discretionary,0.00195,fcff
VHI,VALHI INC,Materials,0.00192,fcff
ARTV,ARTIVA BIOTHERAPEUTICS INC,Health Care,0.00191,fcff
INH,INHIBRX INC CVR,Health Care,0.00189,fcff
WATT,ENERGOUS CORP,Industrials,0.00188,fcff
SBC,SBC MEDICAL GROUP HOLDINGS INC,Health Care,0.00188,fcff
INSG,INSEEGO,Information Technology,0.0018,fcff
AIRS,AIRSCULPT TECHNOLOGIES INC,Health Care,0.00175,fcff
PLBY,PLAYBOY INC,Consumer Discretionary,0.00172,fcff
HYPR,HYPERFINE CLASS A,Health Care,0.00172,fcff
TENX,TENAX THERAPEUTICS INC,Health Care,0.00171,fcff
RDZN,ROADZEN INC,Information Technology,0.00166,fcff
BZAI,BLAIZE HOLDINGS INC,Information Technology,0.00163,fcff
PPHC,PUBLIC POLICY HOLDING INC,Industrials,0.00157,fcff
MKTW,MARKETWISE INC CLASS A,Financials,0.00156,book
NL,NLI HOLDINGS INC,Industrials,0.00155,fcff
CIX,COMPX INTERNATIONAL INC CLASS A,Industrials,0.00154,fcff
OPAL,OPAL FUELS CLASS A,Energy,0.00152,fcff
IDN,INTELLICHECK INC,Information Technology,0.0015,fcff
HRTX,HERON THERAPEUTICS INC,Health Care,0.00147,fcff
TCI,TRANSCONTINENTAL REALTY INVESTORS,Real Estate,0.00145,none
SBMT,SILVER BOW MINING CORP,Materials,0.0014,fcff
AKE,AKERO THERAPEUTICS CVR,Health Care,0.00139,fcff
CHCI,COMSTOCK HOLDING COMPANIES INC CLA,Real Estate,0.00135,none
CVRX,CVRX,Health Care,0.00134,fcff
ARMP,ARMATA PHARMACEUTICALS,Health Care,0.0013,fcff
TYGO,TIGO ENERGY,Industrials,0.00126,fcff
VALU,VALUE LINE INC,Financials,0.00126,book
LEE,LEE ENTERPRISES INC,Communication,0.00118,fcff
NAUT,NAUTILUS BIOTECHNOLGY,Health Care,0.00116,fcff
VATE,INNOVATE CORP,Industrials,0.00115,fcff
KPTI,KARYOPHARM THERAPEUTICS,Health Care,0.00112,fcff
ELTX,ELICIO THERAPEUTICS INC,Health Care,0.00111,fcff
TOYO,TOYO LTD,Information Technology,0.00111,fcff
RENT,RENT THE RUNWAY CLASS A,Consumer Discretionary,0.00111,fcff
USGO,US GOLDMINING INC,Materials,0.0011,fcff
CNTX,CONTEXT THERAPEUTICS INC,Health Care,0.00109,fcff
CNTB,CONNECT BIOPHARMA HOLDINGS LTD,Health Care,0.00105,fcff
FGBI,FIRST GUARANTY BANCSHARES INC,Financials,0.00103,book
AFRI,FORAFRIC GLOBAL PLC,Consumer Staples,0.00098,fcff
LVWR,LIVEWIRE GROUP,Consumer Discretionary,0.00087,fcff
METCB,RAMACO RESOURCES CLASS B,Materials,0.00081,fcff
UP,WHEELS UP EXPERIENCE CLASS A,Industrials,0.00076,fcff
FLYX,FLYEXCLUSIVE INC CLASS A,Industrials,0.0006,fcff
SGI,SOMNIGROUP INTERNATIONAL,Consumer Discretionary,0.00054,fcff
ARL,AMERICAN REALTY INVESTORS INC,Real Estate,0.00054,none
ADRO,CHINOOK THERAPEUTICS INC,Health Care,0.00028,fcff
TSEOQ,TRINSEO PLC,Materials,1e-05,fcff
PDLI,PDL BIOPHARMA INC,Health Care,0.0,fcff
GTXI,GTXI INC - CVR,Health Care,0.0,fcff
SBT,STERLING BANCORP INC,Financials,0.0,book
THRD,THIRD HARMONIC BIO INC,Health Care,0.0,fcff
